LLP Dijkstra, Dijkstra, DeltaStepping, FloydWarshall, LLP Transitive Closure
39578.30859375, 44.09600067138672, 8234.7607421875, 1884.10498046875, 1340.6180419921875
4517.541015625, 14.62399959564209, 4972.98193359375, 1449.8370361328125, 930.5590209960938
1842.7430419921875, 14.46500015258789, 7055.087890625, 668.8410034179688, 932.52099609375
2203.012939453125, 12.392000198364258, 6490.5361328125, 1059.8399658203125, 1279.52294921875
2197.60400390625, 13.031999588012695, 4305.619140625, 461.885986328125, 496.9429931640625
1693.2110595703125, 13.925999641418457, 6274.27587890625, 995.0679931640625, 797.5479736328125
2372.626953125, 12.890999794006348, 3864.22705078125, 422.09100341796875, 530.64599609375
1407.4100341796875, 11.963000297546387, 6268.7900390625, 441.875, 611.1859741210938
1617.2149658203125, 18.658000946044922, 4424.06689453125, 458.7640075683594, 807.364990234375
1484.3680419921875, 12.336000442504883, 3520.719970703125, 413.8659973144531, 673.7000122070312
2310.89111328125, 10.670000076293945, 3832.48291015625, 368.7919921875, 2023.0909423828125
1222.3330078125, 12.333999633789062, 3204.26611328125, 572.541015625, 465.635009765625
1181.928955078125, 10.494999885559082, 4394.25390625, 462.60198974609375, 413.4909973144531
1696.45703125, 19.48200035095215, 3092.216064453125, 380.1080017089844, 401.85101318359375
1195.8170166015625, 15.182000160217285, 4466.22802734375, 392.4440002441406, 404.75201416015625
2101.262939453125, 24.791000366210938, 3127.490966796875, 331.6130065917969, 377.9679870605469
1088.220947265625, 14.753999710083008, 2908.18896484375, 374.42999267578125, 438.8389892578125
1132.4429931640625, 23.533000946044922, 4794.6171875, 623.6279907226562, 589.9609985351562
2309.833984375, 11.402000427246094, 3273.66796875, 368.0, 392.822998046875
1644.0550537109375, 7.747000217437744, 4844.6298828125, 403.9410095214844, 395.2619934082031
1901.2099609375, 10.934000015258789, 4075.115966796875, 398.239013671875, 406.239013671875
2564.617919921875, 10.934000015258789, 3123.93701171875, 373.1700134277344, 407.5260009765625
1492.373046875, 8.21399974822998, 5126.623046875, 399.1029968261719, 452.7179870605469
1585.5570068359375, 9.279999732971191, 4615.06884765625, 348.8900146484375, 404.322998046875
3584.318115234375, 9.494999885559082, 6161.115234375, 397.6130065917969, 413.75299072265625
1321.2020263671875, 10.232000350952148, 3242.656005859375, 374.8840026855469, 420.0870056152344
1124.1080322265625, 8.854999542236328, 3491.280029296875, 386.2510070800781, 429.9880065917969
2847.126953125, 9.364999771118164, 3769.450927734375, 368.1130065917969, 421.41400146484375
4395.93603515625, 8.664999961853027, 3341.7041015625, 381.8680114746094, 479.64599609375
1981.72705078125, 11.354000091552734, 3624.988037109375, 353.91400146484375, 392.2820129394531
2514.964111328125, 11.383999824523926, 3090.385009765625, 344.95599365234375, 568.81201171875
1475.9520263671875, 18.202999114990234, 4498.7470703125, 405.6679992675781, 481.260009765625
2002.279052734375, 19.26099967956543, 4719.84716796875, 378.89801025390625, 416.427001953125
1450.928955078125, 10.156000137329102, 2946.404052734375, 326.989013671875, 395.07501220703125
1441.7110595703125, 6.723999977111816, 5655.505859375, 359.6099853515625, 385.5509948730469
1619.22998046875, 7.063000202178955, 4170.73583984375, 370.9519958496094, 377.94500732421875
1769.844970703125, 7.019000053405762, 3865.092041015625, 391.62298583984375, 1480.9749755859375
2710.610107421875, 7.271999835968018, 3366.5869140625, 394.6000061035156, 421.4830017089844
1329.6500244140625, 8.26099967956543, 3378.865966796875, 545.239990234375, 1381.074951171875
1862.1590576171875, 6.980999946594238, 2988.320068359375, 333.20599365234375, 311.66900634765625
1323.2960205078125, 7.186999797821045, 4100.01220703125, 354.3380126953125, 438.47198486328125
1631.4949951171875, 126.38700103759766, 5685.18896484375, 357.5790100097656, 330.2569885253906
1491.51904296875, 7.386000156402588, 3656.0830078125, 398.3810119628906, 350.6619873046875
1323.2979736328125, 7.459000110626221, 3038.010009765625, 338.20098876953125, 539.7899780273438
3523.27001953125, 7.790999889373779, 3126.77001953125, 364.3429870605469, 282.7099914550781
6050.73681640625, 7.197999954223633, 2915.87109375, 324.63800048828125, 341.8479919433594
1092.845947265625, 7.349999904632568, 3196.26806640625, 309.9949951171875, 316.5360107421875
1039.9530029296875, 7.11299991607666, 2739.610107421875, 316.8450012207031, 307.8739929199219
915.6320190429688, 6.736999988555908, 2741.39111328125, 351.9410095214844, 343.5459899902344
962.9609985351562, 8.609000205993652, 3423.73095703125, 1015.6010131835938, 328.9339904785156
1131.615966796875, 7.932000160217285, 2807.64111328125, 421.76300048828125, 334.67999267578125
978.3140258789062, 11.071000099182129, 2873.571044921875, 329.5740051269531, 297.1409912109375
842.0679931640625, 8.454999923706055, 2708.592041015625, 442.9800109863281, 515.2269897460938
1188.4100341796875, 17.266000747680664, 4069.179931640625, 313.9419860839844, 321.7040100097656
861.3159790039062, 21.726999282836914, 2909.133056640625, 318.4540100097656, 326.2279968261719
881.3740234375, 6.25600004196167, 2657.7548828125, 297.9880065917969, 286.5790100097656
884.1090087890625, 7.676000118255615, 3464.541015625, 1573.8370361328125, 313.95001220703125
947.77197265625, 7.336999893188477, 2651.945068359375, 330.4460144042969, 277.33599853515625
880.9130249023438, 6.014999866485596, 2590.5048828125, 308.8169860839844, 302.20098876953125
899.0250244140625, 12.88599967956543, 5490.03515625, 368.510009765625, 309.5799865722656
907.2830200195312, 16.18600082397461, 2682.076904296875, 315.02398681640625, 305.9440002441406
887.1849975585938, 4.954999923706055, 2730.4208984375, 309.25799560546875, 306.864013671875
1675.7030029296875, 5.02400016784668, 3025.14111328125, 790.5789794921875, 344.4159851074219
1309.157958984375, 10.913000106811523, 3795.0380859375, 345.63800048828125, 305.2430114746094
899.5579833984375, 5.48799991607666, 4918.52490234375, 298.94000244140625, 291.5379943847656
955.1599731445312, 6.043000221252441, 5599.576171875, 506.6820068359375, 410.00799560546875
1046.2879638671875, 7.053999900817871, 3087.7099609375, 310.9469909667969, 319.2510070800781
884.5170288085938, 7.320000171661377, 2759.764892578125, 299.322998046875, 305.239990234375
1841.488037109375, 7.610000133514404, 3978.261962890625, 284.35198974609375, 390.1730041503906
923.7490234375, 5.052000045776367, 2852.25390625, 305.5220031738281, 272.0710144042969
871.4420166015625, 5.363999843597412, 2661.721923828125, 308.0159912109375, 303.89801025390625
853.0599975585938, 5.540999889373779, 3753.741943359375, 425.760986328125, 2575.323974609375
952.447021484375, 5.166999816894531, 2750.862060546875, 315.656005859375, 327.1860046386719
863.4619750976562, 5.6620001792907715, 3028.1220703125, 388.86700439453125, 293.9830017089844
944.7069702148438, 6.48799991607666, 3829.35888671875, 629.6619873046875, 436.5780029296875
1059.0169677734375, 8.62600040435791, 3632.299072265625, 300.7720031738281, 349.7659912109375
1517.0909423828125, 6.178999900817871, 3565.491943359375, 347.1310119628906, 354.7279968261719
1191.4840087890625, 5.416999816894531, 3088.68994140625, 350.8599853515625, 330.7799987792969
1613.2530517578125, 8.880999565124512, 2977.508056640625, 371.385009765625, 274.2120056152344
998.1339721679688, 6.6020002365112305, 2912.31005859375, 292.4070129394531, 324.1499938964844
877.5969848632812, 5.373000144958496, 4961.033203125, 396.7650146484375, 430.718994140625
1837.0360107421875, 8.512999534606934, 2783.306884765625, 329.4909973144531, 306.9700012207031
921.0900268554688, 11.647000312805176, 2655.8330078125, 319.6180114746094, 282.0050048828125
898.5, 5.339000225067139, 2705.58203125, 630.0590209960938, 327.5920104980469
2088.028076171875, 11.619000434875488, 3223.26708984375, 323.2380065917969, 470.7340087890625
2325.361083984375, 5.763000011444092, 2719.741943359375, 319.05999755859375, 340.5880126953125
897.5, 6.306000232696533, 2697.589111328125, 658.9249877929688, 338.0719909667969
1803.4530029296875, 6.857999801635742, 3125.205078125, 363.7120056152344, 295.0090026855469
1021.7730102539062, 7.059000015258789, 2735.552978515625, 353.9679870605469, 321.4219970703125
936.8809814453125, 5.449999809265137, 5117.158203125, 481.8869934082031, 639.4520263671875
1450.7039794921875, 7.947000026702881, 3300.529052734375, 734.4569702148438, 338.1409912109375
1111.6099853515625, 6.2270002365112305, 2966.10595703125, 343.27301025390625, 316.4150085449219
965.9149780273438, 7.086999893188477, 3654.202880859375, 334.78399658203125, 682.7579956054688
2685.261962890625, 7.184000015258789, 3025.632080078125, 310.1940002441406, 357.87701416015625
922.8809814453125, 5.245999813079834, 2846.337890625, 377.7040100097656, 299.74200439453125
853.6480102539062, 5.085999965667725, 2734.055908203125, 275.0660095214844, 287.843994140625
1114.2640380859375, 7.381999969482422, 3402.572998046875, 387.0369873046875, 353.3370056152344
2316.56396484375, 5.2210001945495605, 2741.509033203125, 548.1539916992188, 311.239990234375
935.5599975585938, 7.263000011444092, 2735.06298828125, 318.114990234375, 315.43499755859375
901.3660278320312, 7.695000171661377, 3360.14111328125, 499.5, 332.5929870605469
1197.845947265625, 5.706999778747559, 2846.89111328125, 370.4639892578125, 292.93798828125
913.5679931640625, 5.817999839782715, 3643.242919921875, 334.8009948730469, 301.49200439453125
910.5850219726562, 5.908999919891357, 4258.59912109375, 657.8930053710938, 555.0579833984375
1058.3599853515625, 5.309999942779541, 2887.666015625, 277.19500732421875, 310.5639953613281
2186.9619140625, 5.116000175476074, 2804.924072265625, 293.4129943847656, 296.7879943847656
878.9959716796875, 5.382999897003174, 3487.952880859375, 322.0, 330.63800048828125
1447.22900390625, 7.886000156402588, 2632.721923828125, 300.32501220703125, 304.0050048828125
902.6820068359375, 5.289999961853027, 3594.991943359375, 307.00799560546875, 296.30999755859375
965.1110229492188, 5.164000034332275, 2535.22607421875, 284.4259948730469, 351.5979919433594
949.6179809570312, 6.946000099182129, 3683.156982421875, 324.5740051269531, 329.92401123046875
840.0869750976562, 5.38100004196167, 3101.23388671875, 279.2430114746094, 267.4570007324219
1119.9940185546875, 4.928999900817871, 3657.02001953125, 321.9289855957031, 326.4020080566406
896.7639770507812, 5.440000057220459, 4797.02392578125, 319.88299560546875, 309.3089904785156
984.9559936523438, 7.790999889373779, 3165.81591796875, 321.7330017089844, 274.9049987792969
876.14501953125, 4.954999923706055, 2524.340087890625, 282.3450012207031, 284.75
875.75, 12.585000038146973, 2523.787109375, 624.7360229492188, 280.2229919433594
1223.779052734375, 24.534000396728516, 2747.2080078125, 348.04901123046875, 290.8529968261719
836.5239868164062, 3.3910000324249268, 2482.2041015625, 315.14898681640625, 272.01300048828125
1298.780029296875, 3.249000072479248, 2553.18505859375, 290.9010009765625, 301.1910095214844
858.1400146484375, 3.2119998931884766, 3130.33203125, 380.010009765625, 289.2200012207031
1179.740966796875, 3.3389999866485596, 2763.89404296875, 304.56298828125, 341.0870056152344
944.1959838867188, 2.9189999103546143, 2550.60009765625, 314.6499938964844, 311.67401123046875
1325.383056640625, 3.1429998874664307, 2631.3359375, 282.0710144042969, 274.43701171875
859.4569702148438, 2.8410000801086426, 3342.636962890625, 347.41900634765625, 384.0429992675781
919.6170043945312, 6.51200008392334, 2593.2470703125, 306.3699951171875, 286.2229919433594
1244.5810546875, 2.4609999656677246, 2578.580078125, 282.5379943847656, 259.9110107421875
875.2420043945312, 2.8580000400543213, 2743.385986328125, 294.1369934082031, 289.9809875488281
1817.9310302734375, 5.065000057220459, 3005.02490234375, 329.88299560546875, 292.0660095214844
872.4619750976562, 3.490000009536743, 3013.43505859375, 284.2250061035156, 314.4259948730469
868.7540283203125, 2.575000047683716, 2549.81201171875, 289.57000732421875, 295.375
832.6909790039062, 2.4519999027252197, 3285.4951171875, 447.9490051269531, 413.0610046386719
1274.6419677734375, 3.305000066757202, 4314.39111328125, 327.8139953613281, 286.7049865722656
875.7919921875, 3.316999912261963, 2871.35498046875, 305.9939880371094, 277.0880126953125
903.3319702148438, 4.073999881744385, 3420.14404296875, 425.9259948730469, 307.1709899902344
1612.5030517578125, 4.313000202178955, 2913.424072265625, 1941.156005859375, 319.7929992675781
1004.7739868164062, 3.7090001106262207, 2542.14599609375, 289.1940002441406, 283.6889953613281
819.64599609375, 2.2219998836517334, 2676.633056640625, 1016.1710205078125, 307.989013671875
932.8579711914062, 5.058000087738037, 2906.281005859375, 419.9200134277344, 378.12701416015625
2058.323974609375, 4.695000171661377, 2687.958984375, 284.34100341796875, 313.51800537109375
886.6309814453125, 2.302999973297119, 2610.77587890625, 284.11700439453125, 325.4119873046875
935.5590209960938, 2.5889999866485596, 6287.21923828125, 285.3479919433594, 327.62200927734375
883.8350219726562, 3.7660000324249268, 3079.968994140625, 313.2539978027344, 292.2510070800781
857.8419799804688, 2.677999973297119, 2841.59912109375, 286.5889892578125, 298.9389953613281
3599.77099609375, 3.2990000247955322, 4524.66015625, 301.7550048828125, 302.24700927734375
943.989990234375, 3.0869998931884766, 3078.06689453125, 303.260009765625, 380.1929931640625
1366.6219482421875, 2.9489998817443848, 5866.39501953125, 630.0, 794.7340087890625
872.0089721679688, 3.2219998836517334, 4307.4931640625, 310.3179931640625, 301.0150146484375
1023.041015625, 3.9059998989105225, 3253.616943359375, 302.1990051269531, 374.85198974609375
987.5360107421875, 5.828000068664551, 6581.73486328125, 348.760009765625, 293.87200927734375
946.927978515625, 6.133999824523926, 3794.70703125, 300.1109924316406, 340.4620056152344
876.56201171875, 3.00600004196167, 7695.60302734375, 473.1090087890625, 347.3420104980469
934.9949951171875, 3.9579999446868896, 2877.264892578125, 355.8320007324219, 319.625
1074.7559814453125, 3.8989999294281006, 3119.77490234375, 345.22601318359375, 290.86700439453125
1055.4659423828125, 3.4660000801086426, 3918.489990234375, 356.885009765625, 425.3370056152344
1232.8060302734375, 17.884000778198242, 5939.84912109375, 323.7279968261719, 722.3200073242188
969.9450073242188, 5.948999881744385, 3316.2109375, 347.4169921875, 345.96600341796875
7540.9248046875, 3.869999885559082, 5263.02880859375, 365.27301025390625, 599.1680297851562
2428.2119140625, 9.949999809265137, 4909.01806640625, 302.5849914550781, 299.7460021972656
1685.8780517578125, 2.9700000286102295, 7405.0322265625, 455.72198486328125, 331.9540100097656
2744.277099609375, 7.270999908447266, 3597.298095703125, 400.1000061035156, 391.68798828125
973.2440185546875, 4.2129998207092285, 2935.24609375, 300.7720031738281, 338.6510009765625
1079.3060302734375, 2.76200008392334, 2708.492919921875, 294.97601318359375, 302.4200134277344
1192.9119873046875, 3.7290000915527344, 6077.5517578125, 318.9129943847656, 308.5589904785156
855.1240234375, 3.114000082015991, 2670.618896484375, 284.6650085449219, 305.27301025390625
855.4310302734375, 3.4730000495910645, 2642.68701171875, 304.42999267578125, 283.593994140625
855.3090209960938, 2.6600000858306885, 3345.81201171875, 371.2430114746094, 463.2510070800781
1964.1590576171875, 3.734999895095825, 2864.5029296875, 257.2120056152344, 318.2969970703125
938.7960205078125, 3.1070001125335693, 2753.632080078125, 286.44000244140625, 317.2099914550781
845.7899780273438, 3.816999912261963, 3436.700927734375, 499.8800048828125, 314.0419921875
1389.425048828125, 3.063999891281128, 3999.669921875, 294.72900390625, 286.0140075683594
888.3839721679688, 3.197000026702881, 2588.364990234375, 316.1629943847656, 262.7439880371094
919.0659790039062, 2.5399999618530273, 2802.2958984375, 558.676025390625, 334.5679931640625
1559.626953125, 3.4100000858306885, 3691.385009765625, 330.7139892578125, 338.5039978027344
1106.97900390625, 3.2179999351501465, 3983.8349609375, 365.7619934082031, 317.5249938964844
978.6939697265625, 3.565000057220459, 2751.616943359375, 295.0050048828125, 422.5039978027344
1222.3160400390625, 3.4210000038146973, 4558.5859375, 293.77301025390625, 326.7099914550781
846.18701171875, 7.2769999504089355, 2541.175048828125, 308.35400390625, 295.489013671875
849.0079956054688, 4.499000072479248, 2548.1220703125, 287.38299560546875, 302.3240051269531
854.0159912109375, 2.1459999084472656, 5725.73193359375, 305.906005859375, 308.6080017089844
874.93701171875, 3.934000015258789, 2604.16796875, 296.093994140625, 315.1390075683594
925.6859741210938, 2.625, 2981.6708984375, 302.8059997558594, 302.6719970703125
857.489990234375, 2.2950000762939453, 3418.680908203125, 388.8030090332031, 411.6709899902344
1070.5579833984375, 4.683000087738037, 2767.51806640625, 300.5260009765625, 314.510009765625
946.3369750976562, 4.2829999923706055, 3025.970947265625, 322.9280090332031, 300.00799560546875
851.8660278320312, 2.4110000133514404, 2577.554931640625, 349.4360046386719, 265.60699462890625
885.8790283203125, 2.2249999046325684, 3542.7470703125, 356.5929870605469, 345.4949951171875
872.6110229492188, 4.067999839782715, 3156.468994140625, 341.0669860839844, 304.7019958496094
868.3870239257812, 3.994999885559082, 2584.804931640625, 272.5509948730469, 296.85699462890625
886.291015625, 2.368000030517578, 2463.033935546875, 356.8559875488281, 299.0539855957031
977.8179931640625, 3.7869999408721924, 2833.905029296875, 365.2070007324219, 312.5270080566406
856.3870239257812, 5.283999919891357, 2621.9599609375, 291.3240051269531, 309.9750061035156
1252.428955078125, 2.5190000534057617, 2669.48193359375, 320.489013671875, 282.97198486328125
868.4929809570312, 2.0859999656677246, 2616.385986328125, 362.69000244140625, 521.6199951171875
1207.2840576171875, 6.170000076293945, 3085.985107421875, 321.3039855957031, 298.93499755859375
950.677001953125, 3.7720000743865967, 3220.3779296875, 287.87298583984375, 353.9049987792969
909.7949829101562, 2.934999942779541, 2712.783935546875, 334.15301513671875, 304.7130126953125
878.4819946289062, 4.51800012588501, 3603.54296875, 381.5660095214844, 359.8789978027344
982.8480224609375, 4.741000175476074, 2589.653076171875, 284.7820129394531, 274.7820129394531
1335.3690185546875, 3.444000005722046, 3674.035888671875, 321.1080017089844, 302.135009765625
904.1690063476562, 2.9059998989105225, 8293.5107421875, 416.0669860839844, 317.2099914550781
999.3270263671875, 4.014999866485596, 2730.803955078125, 434.17498779296875, 303.8590087890625
894.3820190429688, 5.081999778747559, 3299.2529296875, 335.6239929199219, 285.7200012207031
1167.1510009765625, 5.572999954223633, 4439.130859375, 302.4179992675781, 323.3559875488281
868.2930297851562, 3.11899995803833, 2662.117919921875, 292.8219909667969, 676.468017578125
1556.123046875, 4.583000183105469, 2676.574951171875, 296.2950134277344, 287.7359924316406
848.2750244140625, 3.803999900817871, 6031.7021484375, 1473.3389892578125, 312.09600830078125
1122.0059814453125, 4.0929999351501465, 4029.09912109375, 310.2229919433594, 304.2449951171875
1913.5059814453125, 4.033999919891357, 5277.4130859375, 449.4809875488281, 415.489013671875
1028.81298828125, 5.1620001792907715, 3253.26806640625, 355.8349914550781, 313.677001953125
2013.4229736328125, 3.3410000801086426, 4157.09912109375, 513.3770141601562, 369.00299072265625
1256.4510498046875, 3.805999994277954, 3714.27099609375, 342.33099365234375, 311.9859924316406
947.4929809570312, 4.818999767303467, 2629.178955078125, 309.8900146484375, 271.2690124511719
861.1820068359375, 2.6710000038146973, 3723.035888671875, 348.7179870605469, 278.8810119628906
880.3200073242188, 3.130000114440918, 2688.0400390625, 321.4750061035156, 744.9520263671875
1098.1429443359375, 6.877999782562256, 2930.1240234375, 275.2879943847656, 330.39599609375
862.9710083007812, 2.7049999237060547, 2570.423095703125, 315.9580078125, 307.89898681640625
889.6510009765625, 2.5799999237060547, 2545.050048828125, 1209.677978515625, 401.8179931640625
987.3140258789062, 3.565999984741211, 3211.2880859375, 353.67401123046875, 316.51300048828125
920.3259887695312, 3.9200000762939453, 2597.93408203125, 277.7120056152344, 270.7080078125
870.9520263671875, 2.378000020980835, 2585.860107421875, 278.55999755859375, 263.6759948730469
1224.488037109375, 4.168000221252441, 4460.39111328125, 297.3940124511719, 765.9879760742188
1097.907958984375, 8.309000015258789, 2638.587890625, 357.3559875488281, 294.7449951171875
846.85302734375, 6.729000091552734, 2883.294921875, 296.9330139160156, 277.0419921875
875.5689697265625, 2.322999954223633, 2731.19091796875, 302.3370056152344, 912.2269897460938
1023.1300048828125, 5.464000225067139, 3154.991943359375, 288.3590087890625, 272.51800537109375
861.9719848632812, 5.035999774932861, 2480.31298828125, 357.6510009765625, 274.3070068359375
847.2659912109375, 3.065000057220459, 2640.868896484375, 332.3139953613281, 277.9939880371094
1309.47998046875, 2.2160000801086426, 3580.159912109375, 569.448974609375, 486.46099853515625
981.9180297851562, 4.189000129699707, 2456.512939453125, 328.1700134277344, 275.42498779296875
834.3270263671875, 2.2720000743865967, 2971.70703125, 301.9939880371094, 297.1419982910156
847.6799926757812, 3.1740000247955322, 2466.656982421875, 274.9630126953125, 294.4620056152344
981.822021484375, 5.182000160217285, 4256.77001953125, 298.14300537109375, 278.09600830078125
839.0590209960938, 2.9149999618530273, 2529.071044921875, 255.6529998779297, 285.031005859375
871.6580200195312, 2.3269999027252197, 4394.884765625, 280.7090148925781, 303.760986328125
1762.4239501953125, 8.491000175476074, 3683.537109375, 344.27301025390625, 285.93499755859375
864.9829711914062, 3.1050000190734863, 2474.52587890625, 295.1369934082031, 315.75
900.4819946289062, 2.2190001010894775, 3016.18603515625, 332.20599365234375, 303.760009765625
863.7839965820312, 2.2829999923706055, 2547.34912109375, 284.7170104980469, 701.0479736328125
1003.8170166015625, 3.7239999771118164, 2812.39892578125, 288.25201416015625, 275.9679870605469
1258.8509521484375, 2.872999906539917, 2686.198974609375, 305.79901123046875, 304.0480041503906
843.8189697265625, 2.765000104904175, 2576.2099609375, 340.65399169921875, 295.9129943847656
856.4959716796875, 2.5769999027252197, 3617.64892578125, 370.7919921875, 388.68798828125
972.3590087890625, 8.904000282287598, 2696.719970703125, 269.6189880371094, 383.6130065917969
871.6480102539062, 2.4230000972747803, 2666.7958984375, 303.1820068359375, 279.0090026855469
853.6279907226562, 2.180999994277954, 2401.87890625, 290.447998046875, 284.8399963378906
836.843017578125, 2.2760000228881836, 5019.2021484375, 327.65399169921875, 322.89898681640625
893.8839721679688, 3.4170000553131104, 2557.360107421875, 302.0220031738281, 275.0320129394531
836.083984375, 2.3610000610351562, 2672.10302734375, 324.56500244140625, 282.9960021972656
894.9810180664062, 2.234999895095825, 3594.458984375, 563.6610107421875, 362.9440002441406
1851.636962890625, 6.754000186920166, 2668.04296875, 352.4429931640625, 283.031005859375
866.8909912109375, 3.865000009536743, 2967.199951171875, 1996.322021484375, 378.1189880371094
1044.39501953125, 3.693000078201294, 3006.695068359375, 2505.0400390625, 341.5979919433594
1583.9820556640625, 4.052999973297119, 2824.62890625, 300.7879943847656, 275.99798583984375
912.8359985351562, 3.0920000076293945, 2540.012939453125, 294.6090087890625, 290.5769958496094
825.926025390625, 2.325000047683716, 2552.72607421875, 338.8599853515625, 343.2409973144531
2845.595947265625, 3.1540000438690186, 2752.9951171875, 308.3500061035156, 274.14801025390625
832.1229858398438, 4.745999813079834, 2670.48388671875, 274.8290100097656, 269.4209899902344
852.6900024414062, 2.114000082015991, 2961.282958984375, 293.89898681640625, 265.2699890136719
859.02099609375, 3.188999891281128, 3029.677978515625, 302.0530090332031, 324.9930114746094
1176.656005859375, 5.857999801635742, 2759.662109375, 286.8179931640625, 297.6860046386719
925.72802734375, 3.184000015258789, 2590.885009765625, 276.1310119628906, 291.635986328125
830.177001953125, 2.578000068664551, 3054.93798828125, 277.2409973144531, 282.7279968261719
906.8809814453125, 4.808000087738037, 3196.030029296875, 421.8039855957031, 283.4750061035156
874.4619750976562, 2.9590001106262207, 2716.201904296875, 286.3659973144531, 1149.4549560546875
849.958984375, 2.8889999389648438, 2468.330078125, 344.11199951171875, 274.7149963378906
1074.8310546875, 2.322000026702881, 4376.42822265625, 452.7019958496094, 385.56201171875
1087.9429931640625, 3.8399999141693115, 3209.596923828125, 297.38800048828125, 288.7799987792969
873.1229858398438, 2.86299991607666, 2898.00390625, 290.52301025390625, 291.677001953125
856.2979736328125, 5.169000148773193, 3158.43896484375, 874.6729736328125, 409.60699462890625
3338.365966796875, 6.751999855041504, 3610.862060546875, 350.7040100097656, 323.9230041503906
921.9949951171875, 3.25600004196167, 3983.638916015625, 299.4639892578125, 357.6189880371094
1080.376953125, 4.2230000495910645, 10413.365234375, 479.2659912109375, 367.2560119628906
1498.552978515625, 3.114000082015991, 4608.38720703125, 386.12298583984375, 501.7070007324219
2717.89599609375, 3.990000009536743, 3567.241943359375, 776.8590087890625, 406.3219909667969
2671.5400390625, 4.020999908447266, 2793.446044921875, 282.9419860839844, 279.54901123046875
1023.4769897460938, 3.125, 4023.287109375, 384.052001953125, 378.92401123046875
1086.3790283203125, 4.126999855041504, 3628.89599609375, 315.8089904785156, 352.8420104980469
1021.2919921875, 2.489000082015991, 3241.5048828125, 313.18701171875, 301.7409973144531
866.5289916992188, 3.364000082015991, 3884.508056640625, 344.9169921875, 745.0330200195312
1252.447021484375, 6.185999870300293, 2738.6630859375, 319.6210021972656, 311.72698974609375
1160.177978515625, 2.6710000038146973, 3288.990966796875, 292.71099853515625, 306.83099365234375
1183.116943359375, 2.9579999446868896, 4419.6767578125, 363.3399963378906, 326.6730041503906
2231.909912109375, 5.814000129699707, 3383.43505859375, 336.8630065917969, 293.3179931640625
1326.135009765625, 3.0739998817443848, 2763.613037109375, 318.3210144042969, 340.65899658203125
930.1710205078125, 2.875, 3180.841064453125, 361.64300537109375, 349.1109924316406
1368.5980224609375, 4.25600004196167, 5831.81884765625, 339.6759948730469, 317.1130065917969
978.9769897460938, 4.761000156402588, 3138.6279296875, 573.3419799804688, 358.3970031738281
3519.222900390625, 7.23799991607666, 4005.6640625, 334.99798583984375, 297.989990234375
990.64697265625, 3.121000051498413, 2838.294921875, 321.5849914550781, 291.4830017089844
1658.073974609375, 3.1740000247955322, 6948.56689453125, 648.5469970703125, 602.5239868164062
1077.362060546875, 3.184000015258789, 2813.886962890625, 271.67498779296875, 294.2120056152344
884.6170043945312, 4.806000232696533, 3118.35400390625, 290.0329895019531, 286.8689880371094
934.7960205078125, 3.4560000896453857, 7608.7578125, 300.0400085449219, 326.3919982910156
971.4840087890625, 2.802999973297119, 3154.35205078125, 293.6029968261719, 296.8699951171875
936.5980224609375, 2.868000030517578, 2894.56494140625, 351.4800109863281, 798.5919799804688
1314.083984375, 5.548999786376953, 5369.501953125, 302.64801025390625, 366.9079895019531
942.9650268554688, 7.388000011444092, 3002.298095703125, 307.8280029296875, 305.6029968261719
1007.5390014648438, 2.7320001125335693, 6256.3837890625, 381.00201416015625, 362.79901123046875
1354.416015625, 3.885999917984009, 3095.89208984375, 301.6820068359375, 329.45001220703125
964.2630004882812, 3.002000093460083, 3085.988037109375, 314.2309875488281, 335.2200012207031
1031.1939697265625, 2.494999885559082, 3008.218017578125, 494.49798583984375, 466.8110046386719
1574.802001953125, 4.171999931335449, 4510.744140625, 340.9729919433594, 323.4119873046875
990.5709838867188, 3.3380000591278076, 2944.633056640625, 1866.64794921875, 310.0060119628906
982.2410278320312, 3.999000072479248, 5435.1728515625, 1075.7900390625, 367.6570129394531
1660.72705078125, 3.359999895095825, 3848.98193359375, 374.8689880371094, 360.2439880371094
2444.825927734375, 3.5969998836517334, 6648.87890625, 1207.1419677734375, 481.2929992675781
3389.85302734375, 4.74399995803833, 8434.8466796875, 1006.9199829101562, 1105.363037109375
8427.0947265625, 4.111000061035156, 13930.72265625, 433.71099853515625, 341.1109924316406
1250.384033203125, 3.86899995803833, 3720.44091796875, 348.4859924316406, 326.57501220703125
1085.426025390625, 3.184999942779541, 4896.14697265625, 374.59100341796875, 381.42999267578125
1052.092041015625, 3.8369998931884766, 3327.924072265625, 391.343994140625, 341.34698486328125
1113.27001953125, 3.1470000743865967, 7695.33203125, 371.0090026855469, 402.9729919433594
1289.9429931640625, 7.324999809265137, 2928.133056640625, 300.0849914550781, 298.98699951171875
921.406982421875, 3.7239999771118164, 3098.99609375, 369.739990234375, 305.59600830078125
1075.22900390625, 3.3510000705718994, 3472.47802734375, 1433.449951171875, 401.625
1922.3360595703125, 3.2249999046325684, 3236.821044921875, 391.010009765625, 537.47802734375
6240.3330078125, 3.61299991607666, 11004.1435546875, 327.1310119628906, 370.2309875488281
1113.6600341796875, 3.2090001106262207, 3428.0859375, 355.9570007324219, 325.2969970703125
2213.135986328125, 4.26800012588501, 5109.1767578125, 397.2040100097656, 312.8630065917969
1986.2960205078125, 3.7360000610351562, 4002.22802734375, 348.9070129394531, 301.2460021972656
1157.968017578125, 2.884999990463257, 3713.80908203125, 321.2569885253906, 396.9049987792969
1362.18994140625, 3.3259999752044678, 3109.509033203125, 329.27398681640625, 339.1709899902344
1026.5400390625, 2.9860000610351562, 3067.614013671875, 2984.925048828125, 314.35101318359375
1063.2469482421875, 4.004000186920166, 3872.9169921875, 1434.510986328125, 346.7959899902344
2231.760986328125, 3.5309998989105225, 3377.18408203125, 392.9949951171875, 318.7019958496094
927.0780029296875, 3.74399995803833, 2927.800048828125, 346.0920104980469, 312.4150085449219
1389.155029296875, 3.930000066757202, 6161.87109375, 336.0, 310.3659973144531
1058.678955078125, 3.5239999294281006, 7143.61083984375, 343.48699951171875, 588.3880004882812
2365.93701171875, 3.5, 10079.7001953125, 642.7659912109375, 339.97900390625
1099.8740234375, 10.420000076293945, 5494.26904296875, 482.0610046386719, 405.26300048828125
1319.02294921875, 4.291999816894531, 6115.5791015625, 325.37200927734375, 304.72198486328125
994.7009887695312, 3.8540000915527344, 2819.56005859375, 325.43499755859375, 287.00799560546875
981.2839965820312, 3.5480000972747803, 3993.487060546875, 335.4670104980469, 322.18701171875
1025.498046875, 4.65500020980835, 3025.320068359375, 334.1409912109375, 342.0429992675781
932.97802734375, 3.171999931335449, 5266.40576171875, 307.9580078125, 471.78399658203125
1087.4630126953125, 4.329999923706055, 3334.8310546875, 326.93499755859375, 677.2930297851562
1571.7869873046875, 8.6899995803833, 2805.748046875, 282.8080139160156, 357.0799865722656
979.3870239257812, 3.125999927520752, 2967.176025390625, 322.4670104980469, 334.1809997558594
1236.217041015625, 8.625, 7087.46923828125, 329.44500732421875, 340.20599365234375
961.7490234375, 3.0899999141693115, 2945.820068359375, 320.5509948730469, 287.3949890136719
1247.7509765625, 2.921999931335449, 3947.306884765625, 413.7829895019531, 526.0590209960938
1552.14599609375, 4.038000106811523, 3007.373046875, 308.4490051269531, 329.21600341796875
971.3729858398438, 2.9200000762939453, 3312.946044921875, 347.35400390625, 325.05499267578125
1047.70703125, 3.9560000896453857, 6235.4248046875, 398.5610046386719, 370.0539855957031
1147.791015625, 3.5980000495910645, 3472.885009765625, 423.2720031738281, 348.36199951171875
1140.5169677734375, 3.8499999046325684, 3360.72802734375, 361.8179931640625, 469.1860046386719
1106.7239990234375, 2.986999988555908, 6183.6728515625, 558.6370239257812, 338.7330017089844
1244.0560302734375, 3.5769999027252197, 5655.044921875, 372.6159973144531, 422.49200439453125
1077.2459716796875, 3.760999917984009, 6148.1298828125, 382.0480041503906, 1176.112060546875
1336.68798828125, 4.168000221252441, 3626.44091796875, 449.9530029296875, 352.2250061035156
1133.324951171875, 3.9010000228881836, 7765.830078125, 472.93798828125, 403.99200439453125
4785.2060546875, 3.8929998874664307, 3441.52587890625, 369.7850036621094, 339.12701416015625
4955.97119140625, 4.34499979019165, 3852.7890625, 340.3710021972656, 427.62799072265625
1164.3409423828125, 7.928999900817871, 3507.60400390625, 368.7650146484375, 350.87298583984375
1133.4639892578125, 6.184999942779541, 4261.40185546875, 1163.876953125, 876.7960205078125
1376.4449462890625, 5.427000045776367, 5402.1689453125, 355.5690002441406, 354.1099853515625
1206.1300048828125, 3.365999937057495, 3456.342041015625, 579.281005859375, 453.5950012207031
2456.445068359375, 3.75, 4103.19189453125, 310.87799072265625, 281.47698974609375
992.1240234375, 6.323999881744385, 4678.2080078125, 292.3810119628906, 401.3179931640625
906.3350219726562, 4.355999946594238, 4101.27001953125, 535.8060302734375, 462.7959899902344
1333.488037109375, 5.210999965667725, 3098.60107421875, 326.75799560546875, 294.7659912109375
935.47802734375, 3.438999891281128, 2928.425048828125, 320.9150085449219, 297.1789855957031
1095.4119873046875, 3.303999900817871, 6601.22900390625, 1051.9129638671875, 456.1109924316406
1192.1719970703125, 3.322999954223633, 3010.39990234375, 2489.072998046875, 338.72198486328125
986.68798828125, 3.005000114440918, 4009.544921875, 380.1960144042969, 317.3479919433594
2377.424072265625, 7.684999942779541, 3620.18896484375, 435.6400146484375, 388.8999938964844
1024.261962890625, 3.2990000247955322, 3231.361083984375, 355.2569885253906, 339.32598876953125
959.3410034179688, 4.080999851226807, 6604.73291015625, 324.2969970703125, 315.9739990234375
1004.5540161132812, 3.0360000133514404, 3037.260986328125, 330.16900634765625, 308.2659912109375
951.4149780273438, 2.986999988555908, 3121.56396484375, 644.6630249023438, 324.739013671875
1020.823974609375, 24.95400047302246, 5160.716796875, 323.92498779296875, 380.8110046386719
3183.68505859375, 3.6070001125335693, 3281.715087890625, 340.49700927734375, 403.1409912109375
1087.758056640625, 2.999000072479248, 4171.7431640625, 404.8080139160156, 458.5459899902344
1535.467041015625, 14.135000228881836, 3209.197021484375, 361.9809875488281, 324.9949951171875
1020.0859985351562, 3.753999948501587, 5766.72802734375, 301.4989929199219, 366.17999267578125
992.6580200195312, 4.004000186920166, 4281.36279296875, 332.7669982910156, 345.7340087890625
966.9879760742188, 3.5360000133514404, 3185.053955078125, 347.8299865722656, 363.9100036621094
1498.4300537109375, 3.8550000190734863, 3016.70703125, 364.5119934082031, 337.3389892578125
1091.4420166015625, 3.38100004196167, 4117.0087890625, 2957.888916015625, 383.98199462890625
1102.883056640625, 3.3420000076293945, 3233.455078125, 384.78900146484375, 342.39801025390625
1139.5579833984375, 3.7249999046325684, 3404.241943359375, 341.0090026855469, 401.98199462890625
1433.9739990234375, 4.083000183105469, 4506.7578125, 328.9630126953125, 322.3999938964844
925.2119750976562, 3.739000082015991, 2983.948974609375, 291.6889953613281, 322.0790100097656
3271.7919921875, 3.4089999198913574, 3521.449951171875, 377.2550048828125, 334.1050109863281
1700.7359619140625, 6.480000019073486, 3198.2919921875, 350.51300048828125, 284.4289855957031
953.7230224609375, 3.8010001182556152, 3192.2939453125, 301.8240051269531, 338.3869934082031
1052.844970703125, 3.4159998893737793, 3328.25, 506.9259948730469, 556.7369995117188
1809.1009521484375, 5.1579999923706055, 5645.47900390625, 385.343994140625, 320.94500732421875
1007.2730102539062, 3.9089999198913574, 3098.425048828125, 332.03399658203125, 338.86199951171875
1061.425048828125, 3.6540000438690186, 4580.080078125, 360.2040100097656, 320.15399169921875
845.7730102539062, 3.2839999198913574, 2653.389892578125, 259.7439880371094, 312.5159912109375
927.0759887695312, 2.736999988555908, 2769.35888671875, 268.1210021972656, 313.22100830078125
929.81298828125, 2.621999979019165, 2747.294921875, 2401.98095703125, 338.3290100097656
1432.491943359375, 3.7839999198913574, 2962.48193359375, 292.072998046875, 286.3689880371094
990.6649780273438, 3.5230000019073486, 2811.736083984375, 262.5409851074219, 328.25201416015625
879.1589965820312, 2.921999931335449, 2599.610107421875, 280.6090087890625, 565.9019775390625
1274.81103515625, 4.39900016784668, 5713.48681640625, 290.72100830078125, 358.5950012207031
875.0700073242188, 3.5260000228881836, 2581.988037109375, 282.260986328125, 310.1000061035156
910.77099609375, 3.1389999389648438, 2531.951904296875, 292.3210144042969, 274.08599853515625
991.323974609375, 6.433000087738037, 4322.14892578125, 255.96200561523438, 332.7770080566406
889.8170166015625, 3.4769999980926514, 4583.2529296875, 314.8500061035156, 311.9599914550781
854.9290161132812, 2.502000093460083, 2782.513916015625, 257.0069885253906, 315.5660095214844
1127.0240478515625, 3.558000087738037, 3150.60498046875, 623.9710083007812, 308.4739990234375
883.7069702148438, 4.127999782562256, 4536.6572265625, 292.9580078125, 295.9209899902344
900.1170043945312, 3.063999891281128, 2718.10009765625, 290.5589904785156, 322.1499938964844
893.8709716796875, 2.5329999923706055, 3430.875, 346.2619934082031, 391.4779968261719
977.9860229492188, 7.690999984741211, 2875.98193359375, 273.06298828125, 306.8009948730469
870.864990234375, 2.572999954223633, 2706.614013671875, 275.8659973144531, 386.3420104980469
2734.967041015625, 3.066999912261963, 3009.18505859375, 698.4130249023438, 310.3869934082031
1091.81298828125, 3.0190000534057617, 2917.031005859375, 298.5539855957031, 293.9700012207031
876.9340209960938, 3.0899999141693115, 3077.93505859375, 321.62298583984375, 299.0350036621094
844.4119873046875, 3.5850000381469727, 4568.74609375, 382.8760070800781, 756.9459838867188
1034.4859619140625, 11.60099983215332, 3145.93896484375, 269.2539978027344, 313.0679931640625
893.5250244140625, 3.809999942779541, 2565.29296875, 286.7510070800781, 300.40301513671875
840.510009765625, 2.6740000247955322, 2693.989990234375, 295.00299072265625, 319.0989990234375
890.1849975585938, 4.9679999351501465, 3248.64990234375, 325.00299072265625, 291.760986328125
911.6649780273438, 7.218999862670898, 4461.32421875, 301.42498779296875, 314.8320007324219
865.4990234375, 2.7980000972747803, 2662.6240234375, 290.0090026855469, 344.031005859375
877.6840209960938, 2.8529999256134033, 2848.699951171875, 372.3710021972656, 430.4419860839844
1311.9859619140625, 6.808000087738037, 3259.56005859375, 316.61700439453125, 329.1679992675781
2068.137939453125, 3.690999984741211, 3048.56494140625, 329.47900390625, 279.76800537109375
865.6890258789062, 2.947000026702881, 2824.85693359375, 330.8240051269531, 292.68798828125
1043.344970703125, 5.563000202178955, 4018.863037109375, 302.6180114746094, 316.3370056152344
900.2789916992188, 3.6610000133514404, 3634.533935546875, 331.260009765625, 874.3410034179688
861.9459838867188, 3.1080000400543213, 2753.68505859375, 285.4309997558594, 292.156005859375
952.7890014648438, 2.296999931335449, 3120.2470703125, 472.46600341796875, 330.5010070800781
1000.3590087890625, 4.050000190734863, 4459.02001953125, 316.3169860839844, 319.9620056152344
1105.675048828125, 14.880999565124512, 2879.77587890625, 315.77301025390625, 313.8450012207031
897.7949829101562, 26.511999130249023, 4320.458984375, 461.45098876953125, 373.7640075683594
1043.5830078125, 3.3340001106262207, 2826.922119140625, 305.0880126953125, 362.4949951171875
1143.2669677734375, 3.010999917984009, 2841.636962890625, 318.09600830078125, 309.7349853515625
2246.759033203125, 3.3459999561309814, 4943.994140625, 524.7310180664062, 357.9620056152344
1198.5469970703125, 3.5480000972747803, 2952.1708984375, 296.510009765625, 276.9779968261719
857.1110229492188, 2.882999897003174, 2659.08203125, 268.68798828125, 292.0740051269531
858.8790283203125, 2.7799999713897705, 2728.572998046875, 308.2449951171875, 296.3399963378906
1744.8060302734375, 3.8989999294281006, 6899.2939453125, 313.2330017089844, 280.87200927734375
853.9810180664062, 3.24399995803833, 2712.12109375, 280.3819885253906, 313.1719970703125
989.176025390625, 2.8429999351501465, 4192.123046875, 426.3970031738281, 413.2969970703125
1089.404052734375, 2.9769999980926514, 3078.044921875, 319.9670104980469, 381.625
989.2000122070312, 3.3559999465942383, 4411.7822265625, 325.5849914550781, 316.9930114746094
2897.02587890625, 3.625, 4146.4599609375, 342.5450134277344, 346.6860046386719
946.385009765625, 3.7939999103546143, 2750.677001953125, 277.9010009765625, 311.89898681640625
970.4949951171875, 3.309999942779541, 2931.22705078125, 357.4989929199219, 292.6419982910156
920.5670166015625, 3.315000057220459, 7910.17578125, 447.9599914550781, 349.4570007324219
905.323974609375, 3.931999921798706, 3037.782958984375, 304.9219970703125, 301.9779968261719
965.2440185546875, 3.118000030517578, 4953.01513671875, 392.1759948730469, 319.4750061035156
2106.89697265625, 3.690000057220459, 5841.9970703125, 391.5429992675781, 352.2869873046875
862.5360107421875, 3.2139999866485596, 3122.339111328125, 302.6960144042969, 325.92999267578125
1090.60498046875, 3.821000099182129, 5857.01123046875, 330.4989929199219, 343.04400634765625
925.2449951171875, 3.315000057220459, 6018.12109375, 316.45599365234375, 396.07501220703125
1080.5760498046875, 3.3580000400543213, 8218.9052734375, 336.7170104980469, 346.3970031738281
3194.818115234375, 3.6449999809265137, 4053.531982421875, 320.7359924316406, 276.35699462890625
1065.4320068359375, 16.31599998474121, 5347.3779296875, 304.66900634765625, 358.3949890136719
1127.4949951171875, 22.299999237060547, 3521.718994140625, 293.072998046875, 328.4989929199219
1021.0659790039062, 13.230999946594238, 2877.1201171875, 278.3949890136719, 290.32501220703125
999.8699951171875, 3.73799991607666, 3647.631103515625, 741.6380004882812, 356.6510009765625
898.8560180664062, 2.861999988555908, 2881.407958984375, 353.3919982910156, 304.54998779296875
959.1500244140625, 2.562000036239624, 2982.39404296875, 365.6860046386719, 339.47601318359375
1039.5880126953125, 2.365000009536743, 6046.380859375, 484.8330078125, 555.3909912109375
2385.530029296875, 3.0840001106262207, 3106.89990234375, 366.4049987792969, 380.5559997558594
1067.6180419921875, 2.937999963760376, 3530.472900390625, 1931.489990234375, 368.6109924316406
2341.5029296875, 4.521999835968018, 3582.77294921875, 392.4809875488281, 605.301025390625
1103.60595703125, 3.5999999046325684, 3282.10107421875, 369.635009765625, 367.4599914550781
1009.989990234375, 2.382999897003174, 4232.4560546875, 803.4089965820312, 523.8209838867188
1079.9720458984375, 5.02400016784668, 3332.2080078125, 365.2229919433594, 381.50799560546875
1078.241943359375, 8.779000282287598, 3385.375, 358.510986328125, 351.7650146484375
1097.823974609375, 2.7880001068115234, 7601.0810546875, 336.2200012207031, 369.9549865722656
1006.75, 3.4660000801086426, 3334.669921875, 330.7090148925781, 395.27899169921875
1102.800048828125, 3.5329999923706055, 3061.489013671875, 322.4580078125, 1396.2919921875
1496.81103515625, 5.999000072479248, 3420.4951171875, 328.7359924316406, 334.6289978027344
997.0759887695312, 3.124000072479248, 3257.886962890625, 426.0150146484375, 422.2340087890625
1035.3310546875, 2.628999948501587, 4695.89990234375, 1032.279052734375, 645.7000122070312
1198.1090087890625, 6.440999984741211, 3619.154052734375, 386.0150146484375, 386.49798583984375
884.7570190429688, 2.5390000343322754, 2653.4990234375, 302.47698974609375, 286.16400146484375
896.8709716796875, 2.25600004196167, 2616.22802734375, 1119.3260498046875, 488.7879943847656
890.9860229492188, 9.644000053405762, 2803.345947265625, 271.63800048828125, 288.4519958496094
898.8809814453125, 2.4189999103546143, 2574.705078125, 294.4930114746094, 282.04400634765625
842.2490234375, 1.7910000085830688, 3014.18798828125, 295.3389892578125, 291.2950134277344
886.2550048828125, 1.9600000381469727, 3112.791015625, 279.5929870605469, 312.7449951171875
875.4429931640625, 3.061000108718872, 2687.137939453125, 304.04901123046875, 299.10101318359375
852.551025390625, 1.8589999675750732, 2626.35009765625, 279.7380065917969, 282.6730041503906
875.8510131835938, 1.7799999713897705, 2577.77587890625, 274.4750061035156, 295.2590026855469
833.864013671875, 1.7300000190734863, 2755.426025390625, 316.2239990234375, 291.0039978027344
1177.81494140625, 4.044000148773193, 3358.986083984375, 265.760009765625, 250.1699981689453
853.0819702148438, 2.055000066757202, 2549.5810546875, 292.5039978027344, 292.1050109863281
813.9639892578125, 1.9639999866485596, 2585.243896484375, 275.135986328125, 275.4280090332031
872.3670043945312, 2.825000047683716, 3618.26708984375, 353.843994140625, 282.4129943847656
830.0289916992188, 2.390000104904175, 2584.45703125, 302.71099853515625, 274.8970031738281
840.4760131835938, 1.9880000352859497, 2849.302001953125, 280.79400634765625, 296.74798583984375
849.7459716796875, 1.815999984741211, 3053.075927734375, 322.843994140625, 655.135986328125
1164.8349609375, 5.210000038146973, 3156.60791015625, 322.5790100097656, 295.31201171875
833.1279907226562, 2.6740000247955322, 2621.02294921875, 284.72198486328125, 399.26300048828125
883.3629760742188, 2.263000011444092, 2646.527099609375, 310.54400634765625, 290.6679992675781
862.2769775390625, 2.3399999141693115, 3129.612060546875, 384.1929931640625, 310.3590087890625
1424.262939453125, 10.029999732971191, 3338.552978515625, 296.177001953125, 260.4469909667969
1020.9959716796875, 2.3389999866485596, 2788.011962890625, 327.4639892578125, 287.6310119628906
904.8489990234375, 2.428999900817871, 3273.1298828125, 530.2750244140625, 1402.5040283203125
1183.6829833984375, 3.765000104904175, 3308.532958984375, 328.6180114746094, 312.75799560546875
980.7559814453125, 2.671999931335449, 4197.5751953125, 328.4679870605469, 383.4339904785156
1288.3919677734375, 3.01200008392334, 4399.8330078125, 321.4880065917969, 301.7229919433594
1211.1309814453125, 3.8310000896453857, 2676.865966796875, 305.8330078125, 280.24200439453125
939.1229858398438, 1.9880000352859497, 4879.212890625, 339.2130126953125, 265.9339904785156
847.5070190429688, 2.76200008392334, 2742.89794921875, 299.7090148925781, 842.708984375
946.8740234375, 4.084000110626221, 3660.551025390625, 289.0539855957031, 292.6090087890625
982.0349731445312, 3.2730000019073486, 2586.998046875, 332.3349914550781, 359.1919860839844
912.7249755859375, 2.3380000591278076, 2814.574951171875, 560.7349853515625, 291.43798828125
1131.7239990234375, 6.051000118255615, 4746.4658203125, 287.1409912109375, 330.20098876953125
898.6209716796875, 2.5769999027252197, 2577.80908203125, 316.1960144042969, 297.25299072265625
878.9400024414062, 2.122999906539917, 3121.81689453125, 283.0060119628906, 284.9859924316406
861.3209838867188, 2.803999900817871, 3139.0048828125, 535.2860107421875, 318.27301025390625
1831.3089599609375, 3.246000051498413, 2729.01904296875, 316.3110046386719, 304.7569885253906
1877.43994140625, 2.765000104904175, 3240.1669921875, 327.8429870605469, 273.64898681640625
955.3049926757812, 2.619999885559082, 3570.85302734375, 2954.931884765625, 344.364013671875
885.0449829101562, 2.6489999294281006, 2887.968017578125, 306.66900634765625, 311.8739929199219
1321.6319580078125, 2.9860000610351562, 3074.097900390625, 341.2099914550781, 321.4419860839844
2370.8720703125, 6.230999946594238, 4970.62109375, 352.4330139160156, 320.8559875488281
953.489013671875, 2.8359999656677246, 3187.114990234375, 388.2040100097656, 330.22698974609375
1178.6610107421875, 2.555999994277954, 3387.756103515625, 343.22698974609375, 348.8190002441406
1201.237060546875, 4.366000175476074, 8563.7880859375, 322.4729919433594, 391.78900146484375
1248.510986328125, 2.8959999084472656, 3230.986083984375, 345.1820068359375, 435.8890075683594
1225.4300537109375, 6.497000217437744, 6611.6162109375, 431.62200927734375, 389.8949890136719
1049.1949462890625, 3.1440000534057617, 2921.574951171875, 338.21600341796875, 323.65399169921875
960.31298828125, 2.1710000038146973, 4239.1591796875, 343.2200012207031, 353.0830078125
1253.0269775390625, 3.575000047683716, 3471.166015625, 279.60198974609375, 340.0509948730469
909.468994140625, 2.931999921798706, 2734.764892578125, 336.2300109863281, 266.2619934082031
924.4180297851562, 2.256999969482422, 2912.12890625, 324.7049865722656, 280.593994140625
871.9439697265625, 2.2790000438690186, 4707.68701171875, 330.59600830078125, 409.8689880371094
850.1859741210938, 2.632999897003174, 3643.216064453125, 353.3590087890625, 267.4750061035156
832.9940185546875, 2.068000078201294, 2639.14404296875, 280.9209899902344, 286.1300048828125
863.9949951171875, 2.0399999618530273, 3337.346923828125, 502.7550048828125, 374.6549987792969
1063.531005859375, 6.172999858856201, 2685.81591796875, 434.4169921875, 319.9209899902344
2590.9560546875, 2.9200000762939453, 2718.715087890625, 382.75799560546875, 270.0270080566406
1100.5, 2.9560000896453857, 3888.344970703125, 543.9249877929688, 325.42999267578125
1322.4990234375, 6.158999919891357, 2908.77392578125, 295.10101318359375, 294.364990234375
2344.132080078125, 2.305999994277954, 2565.3779296875, 288.0920104980469, 269.8210144042969
813.3909912109375, 2.1059999465942383, 2673.760986328125, 297.510009765625, 868.4019775390625
1079.2490234375, 3.4709999561309814, 3092.2529296875, 1226.4229736328125, 300.47601318359375
827.7020263671875, 2.805000066757202, 2686.1279296875, 304.1109924316406, 269.28900146484375
871.3499755859375, 2.0399999618530273, 2715.568115234375, 286.6510009765625, 297.2869873046875
821.0089721679688, 1.9420000314712524, 4129.8359375, 541.75, 440.9750061035156
1963.864990234375, 2.674999952316284, 2666.19189453125, 296.27099609375, 266.0989990234375
864.0999755859375, 2.453000068664551, 2821.14306640625, 322.5790100097656, 335.72100830078125
893.0339965820312, 2.187999963760376, 4188.19580078125, 369.0780029296875, 320.39801025390625
1152.5830078125, 6.196000099182129, 2880.638916015625, 317.80999755859375, 319.71600341796875
959.3469848632812, 2.4809999465942383, 2969.1279296875, 295.4630126953125, 292.82501220703125
926.2429809570312, 2.315000057220459, 2995.839111328125, 363.52301025390625, 1300.8759765625
1166.428955078125, 6.763000011444092, 4023.0458984375, 297.4570007324219, 278.2460021972656
1009.0050048828125, 2.5269999504089355, 2806.73095703125, 306.12799072265625, 298.03900146484375
848.0709838867188, 2.1110000610351562, 2711.0439453125, 302.9460144042969, 339.0589904785156
1133.75, 3.507999897003174, 3889.5400390625, 291.1390075683594, 274.6300048828125
944.3259887695312, 2.5859999656677246, 2583.64306640625, 302.7130126953125, 301.1990051269531
914.2550048828125, 2.2070000171661377, 3736.160888671875, 299.82501220703125, 255.3560028076172
945.7540283203125, 2.0329999923706055, 3620.64892578125, 485.4490051269531, 426.0190124511719
1062.02001953125, 2.9679999351501465, 2783.386962890625, 289.6520080566406, 313.864990234375
899.7559814453125, 2.250999927520752, 3702.470947265625, 309.8089904785156, 352.635009765625
953.3939819335938, 2.509999990463257, 3401.94091796875, 1203.666015625, 354.3550109863281
1023.5590209960938, 3.7880001068115234, 2773.305908203125, 352.1700134277344, 311.781005859375
922.4240112304688, 2.871000051498413, 2762.820068359375, 299.2149963378906, 344.3699951171875
927.0339965820312, 2.3949999809265137, 2689.861083984375, 357.22900390625, 312.70098876953125
3041.833984375, 4.031000137329102, 3561.781005859375, 314.1960144042969, 323.9960021972656
931.7990112304688, 2.7730000019073486, 2769.176025390625, 293.15899658203125, 296.12298583984375
885.8499755859375, 2.1489999294281006, 2807.02099609375, 415.15301513671875, 305.8689880371094
925.8699951171875, 2.3440001010894775, 4630.14013671875, 730.8350219726562, 308.96600341796875
852.8090209960938, 6.732999801635742, 2818.493896484375, 332.8840026855469, 294.9930114746094
859.8250122070312, 1.940000057220459, 2872.672119140625, 328.3710021972656, 273.2120056152344
902.823974609375, 2.441999912261963, 3253.384033203125, 812.4569702148438, 511.1910095214844
2485.68701171875, 2.7309999465942383, 2622.337890625, 327.61700439453125, 347.22198486328125
873.6420288085938, 2.3369998931884766, 2817.3720703125, 308.71600341796875, 278.9849853515625
917.322021484375, 2.062000036239624, 3147.925048828125, 343.7879943847656, 815.3200073242188
1265.68896484375, 3.3480000495910645, 4490.1337890625, 307.5419921875, 336.1719970703125
930.1669921875, 2.6440000534057617, 2664.701904296875, 325.46099853515625, 263.3179931640625
1000.093017578125, 2.2780001163482666, 2918.637939453125, 310.7959899902344, 298.6000061035156
1035.530029296875, 4.260000228881836, 3578.742919921875, 392.18701171875, 308.6759948730469
912.1309814453125, 2.677000045776367, 3557.986083984375, 368.7090148925781, 280.593994140625
923.7379760742188, 2.3239998817443848, 2737.572021484375, 312.9320068359375, 312.35400390625
831.3720092773438, 1.9880000352859497, 4299.15087890625, 544.7659912109375, 404.5849914550781
1029.801025390625, 49.39500045776367, 3037.678955078125, 465.88299560546875, 357.2640075683594
1128.9139404296875, 2.861999988555908, 3093.677978515625, 296.968994140625, 309.5669860839844
1009.9340209960938, 2.2669999599456787, 3657.18701171875, 401.7539978027344, 414.9230041503906
1384.3070068359375, 3.265000104904175, 3900.39306640625, 324.25799560546875, 360.66400146484375
1036.458984375, 2.878999948501587, 3330.68994140625, 364.7239990234375, 340.94000244140625
1019.2340087890625, 2.4649999141693115, 3478.199951171875, 514.7550048828125, 385.10198974609375
1560.25, 6.7210001945495605, 3126.492919921875, 338.8030090332031, 400.84698486328125
982.4110107421875, 2.7279999256134033, 3213.72802734375, 313.9729919433594, 402.7879943847656
996.1409912109375, 2.635999917984009, 4775.080078125, 400.85198974609375, 371.5790100097656
1198.8499755859375, 7.073999881744385, 4394.341796875, 337.1679992675781, 347.2590026855469
997.5540161132812, 3.1510000228881836, 3149.929931640625, 344.6409912109375, 347.30999755859375
1171.5699462890625, 2.9189999103546143, 3584.530029296875, 639.166015625, 571.7130126953125
1322.3079833984375, 2.9519999027252197, 3201.257080078125, 335.3420104980469, 328.5450134277344
1023.3389892578125, 2.687000036239624, 3326.552978515625, 411.52899169921875, 345.1470031738281
952.60498046875, 7.60099983215332, 3783.59912109375, 407.02801513671875, 664.1939697265625
1360.7159423828125, 6.551000118255615, 3201.156982421875, 323.1050109863281, 344.5090026855469
1041.4189453125, 2.575000047683716, 4984.59521484375, 437.5360107421875, 417.0220031738281
1030.6009521484375, 3.378000020980835, 4514.95703125, 390.7139892578125, 383.11700439453125
923.4199829101562, 3.753000020980835, 3048.89599609375, 2694.52099609375, 375.3320007324219
1534.303955078125, 3.0369999408721924, 3457.162109375, 873.0009765625, 415.4849853515625
1073.47705078125, 5.513000011444092, 3641.571044921875, 362.23199462890625, 326.82598876953125
954.8569946289062, 3.253000020980835, 3073.35595703125, 406.4849853515625, 327.23199462890625
1018.4829711914062, 5.514999866485596, 6505.94482421875, 417.7560119628906, 580.5189819335938
1065.0760498046875, 3.9830000400543213, 2950.29296875, 310.3070068359375, 348.6189880371094
931.7169799804688, 3.1489999294281006, 3002.803955078125, 369.9580078125, 335.2309875488281
1021.1400146484375, 2.7109999656677246, 3675.510986328125, 408.59600830078125, 469.1099853515625
2218.777099609375, 3.5220000743865967, 4240.744140625, 340.35101318359375, 309.75299072265625
956.5599975585938, 3.0190000534057617, 3022.466064453125, 323.1289978027344, 354.85101318359375
998.0479736328125, 2.49399995803833, 3537.428955078125, 449.45098876953125, 395.6090087890625
1246.47900390625, 3.938999891281128, 4133.59521484375, 366.9750061035156, 379.7659912109375
931.2050170898438, 2.9719998836517334, 2829.89892578125, 360.8429870605469, 398.6440124511719
1072.8089599609375, 5.414000034332275, 3881.8759765625, 388.6629943847656, 368.07598876953125
1659.73095703125, 3.5829999446868896, 2958.9130859375, 300.9519958496094, 324.197998046875
933.8099975585938, 2.7909998893737793, 3136.035888671875, 331.5790100097656, 512.9359741210938
1061.9840087890625, 3.0409998893737793, 5737.02783203125, 327.4670104980469, 378.4840087890625
955.64697265625, 3.625, 3161.361083984375, 338.2070007324219, 325.07598876953125
885.35400390625, 2.365999937057495, 2669.322998046875, 295.65899658203125, 295.43701171875
958.7340087890625, 1.7990000247955322, 2884.22607421875, 993.5759887695312, 319.71600341796875
863.6640014648438, 4.427999973297119, 2648.2880859375, 292.57501220703125, 283.9100036621094
1280.4549560546875, 2.6429998874664307, 2654.802978515625, 334.5429992675781, 278.739013671875
837.4110107421875, 2.2899999618530273, 2632.43798828125, 366.57000732421875, 290.20001220703125
823.8519897460938, 1.902999997138977, 2998.02197265625, 551.4719848632812, 316.77301025390625
1072.85498046875, 3.1730000972747803, 3065.68701171875, 301.64300537109375, 263.6619873046875
828.6300048828125, 2.3910000324249268, 2542.468994140625, 305.1809997558594, 295.09100341796875
867.1439819335938, 2.2720000743865967, 2510.5048828125, 335.83099365234375, 271.0329895019531
835.8930053710938, 2.2860000133514404, 3595.70703125, 345.0509948730469, 319.9739990234375
1036.5050048828125, 3.0339999198913574, 2641.0458984375, 284.12200927734375, 267.8290100097656
910.9929809570312, 2.619999885559082, 3759.85595703125, 285.9909973144531, 392.61199951171875
858.4099731445312, 5.151000022888184, 3060.2080078125, 752.7670288085938, 541.0399780273438
1171.1090087890625, 5.644999980926514, 3237.34912109375, 302.7430114746094, 338.177001953125
966.239990234375, 2.8970000743865967, 4175.2568359375, 352.3039855957031, 353.6189880371094
1031.72998046875, 2.7980000972747803, 3223.35107421875, 1249.1939697265625, 416.2279968261719
1225.7659912109375, 2.9489998817443848, 3480.467041015625, 310.9739990234375, 352.67401123046875
971.8939819335938, 4.435999870300293, 4196.54296875, 446.177001953125, 333.74798583984375
977.0499877929688, 3.506999969482422, 4181.81884765625, 359.35198974609375, 389.3529968261719
1306.0770263671875, 6.848999977111816, 2999.096923828125, 351.0820007324219, 295.6159973144531
1021.5999755859375, 2.5850000381469727, 2838.287109375, 305.2430114746094, 320.1109924316406
2479.62890625, 3.365000009536743, 5491.19189453125, 580.7269897460938, 295.00799560546875
2547.133056640625, 3.193000078201294, 2877.7919921875, 484.3890075683594, 309.27801513671875
862.7449951171875, 2.2060000896453857, 2729.56005859375, 304.4599914550781, 277.6510009765625
886.2550048828125, 2.1410000324249268, 3043.8291015625, 343.9830017089844, 333.6419982910156
1349.967041015625, 2.509000062942505, 2640.6650390625, 280.5669860839844, 316.1210021972656
920.8519897460938, 2.2290000915527344, 3505.72998046875, 315.85699462890625, 271.9620056152344
878.948974609375, 2.2929999828338623, 2972.89501953125, 319.1390075683594, 375.17401123046875
1065.612060546875, 3.4059998989105225, 4269.0908203125, 279.95001220703125, 258.1600036621094
1013.0650024414062, 5.828999996185303, 2782.89990234375, 318.6210021972656, 308.0299987792969
923.6209716796875, 2.302000045776367, 4379.59912109375, 722.2349853515625, 388.67498779296875
5419.869140625, 3.4079999923706055, 3168.131103515625, 280.7969970703125, 311.8699951171875
891.97998046875, 2.9040000438690186, 2734.363037109375, 342.9930114746094, 273.2250061035156
813.781982421875, 2.2249999046325684, 6530.52294921875, 281.56298828125, 287.2019958496094
975.2670288085938, 4.7170000076293945, 2960.259033203125, 297.4859924316406, 338.87200927734375
1015.968017578125, 4.0229997634887695, 2639.291015625, 313.125, 297.5530090332031
891.1329956054688, 2.48799991607666, 5098.22314453125, 412.0899963378906, 412.83599853515625
1047.1199951171875, 2.7119998931884766, 2706.492919921875, 357.343994140625, 321.04998779296875
1731.7989501953125, 2.6040000915527344, 2640.305908203125, 314.8869934082031, 290.37200927734375
840.4249877929688, 2.0490000247955322, 6254.36279296875, 409.18701171875, 353.67999267578125
940.9840087890625, 3.371999979019165, 2881.075927734375, 293.87200927734375, 293.47601318359375
888.7020263671875, 2.4049999713897705, 2715.306884765625, 393.52899169921875, 273.3529968261719
1721.6390380859375, 3.11899995803833, 3316.449951171875, 1152.2889404296875, 420.0119934082031
1113.8570556640625, 2.5490000247955322, 2783.051025390625, 281.7049865722656, 339.32000732421875
846.1229858398438, 2.11899995803833, 4261.205078125, 305.37701416015625, 277.4679870605469
889.6539916992188, 2.0320000648498535, 5627.65380859375, 354.5249938964844, 412.822998046875
865.0759887695312, 2.5360000133514404, 2883.06591796875, 307.9649963378906, 304.99200439453125
921.9340209960938, 2.680999994277954, 5342.8330078125, 3367.56201171875, 915.9739990234375
1781.27294921875, 8.321000099182129, 2845.968017578125, 325.3349914550781, 301.59698486328125
1038.2530517578125, 2.7090001106262207, 2957.028076171875, 381.9119873046875, 374.7489929199219
1042.7640380859375, 2.671999931335449, 6933.98388671875, 404.2959899902344, 453.0060119628906
4317.1689453125, 3.4019999504089355, 7781.64208984375, 1050.262939453125, 688.718017578125
992.5590209960938, 4.248000144958496, 3227.047119140625, 312.75, 410.2919921875
3374.945068359375, 3.0969998836517334, 3003.72607421875, 345.4429931640625, 347.5329895019531
1199.2979736328125, 3.1640000343322754, 6151.8359375, 349.0899963378906, 342.5469970703125
3169.68603515625, 3.2950000762939453, 3087.76708984375, 322.2340087890625, 294.2430114746094
919.3150024414062, 2.6040000915527344, 3120.426025390625, 588.2230224609375, 323.7760009765625
1212.5, 3.3970000743865967, 2999.52099609375, 315.68798828125, 290.0299987792969
913.0859985351562, 2.6540000438690186, 3963.06005859375, 272.19500732421875, 277.2720031738281
840.2550048828125, 13.76099967956543, 3085.1279296875, 679.031005859375, 934.5830078125
2031.1650390625, 48.13600158691406, 3547.77392578125, 352.4700012207031, 284.4010009765625
901.43798828125, 1.86899995803833, 3563.1220703125, 351.9330139160156, 305.7820129394531
944.7940063476562, 1.3600000143051147, 2692.6689453125, 298.33599853515625, 459.8059997558594
2239.865966796875, 3.878999948501587, 2997.06005859375, 259.10198974609375, 309.1419982910156
889.3670043945312, 2.0190000534057617, 2698.780029296875, 1173.468994140625, 288.6029968261719
888.8090209960938, 1.8530000448226929, 2649.8701171875, 375.3299865722656, 345.697998046875
1173.7969970703125, 1.774999976158142, 3608.638916015625, 392.6130065917969, 317.8349914550781
897.5360107421875, 2.138000011444092, 2538.462890625, 299.0140075683594, 303.8489990234375
1759.969970703125, 1.4730000495910645, 2768.166015625, 285.67401123046875, 309.54998779296875
922.0490112304688, 1.4539999961853027, 2963.89208984375, 393.7070007324219, 363.6369934082031
1280.97900390625, 2.428999900817871, 4157.02392578125, 280.7659912109375, 272.19500732421875
949.427978515625, 2.053999900817871, 2656.64599609375, 309.77099609375, 318.0639953613281
914.5089721679688, 1.5420000553131104, 2546.430908203125, 299.0190124511719, 312.8919982910156
1421.5889892578125, 6.551000118255615, 3774.577880859375, 283.14898681640625, 309.6130065917969
879.8309936523438, 1.9359999895095825, 3552.717041015625, 273.59698486328125, 303.43798828125
912.9130249023438, 1.6670000553131104, 2647.955078125, 269.16900634765625, 286.760009765625
872.3330078125, 1.4700000286102295, 4259.4912109375, 436.1499938964844, 336.8009948730469
951.60400390625, 2.0969998836517334, 2705.2548828125, 316.8240051269531, 283.8529968261719
967.0570068359375, 1.6720000505447388, 2665.06494140625, 299.3349914550781, 268.3039855957031
925.114990234375, 1.6990000009536743, 3741.12890625, 1320.2239990234375, 575.3090209960938
1299.845947265625, 2.4600000381469727, 2834.718017578125, 286.23699951171875, 315.1419982910156
981.1110229492188, 1.7510000467300415, 2727.4560546875, 298.7460021972656, 300.1369934082031
880.6279907226562, 1.5490000247955322, 2707.110107421875, 305.2650146484375, 276.26800537109375
1031.220947265625, 2.1700000762939453, 4254.5380859375, 287.9700012207031, 290.27398681640625
862.3359985351562, 2.0269999504089355, 3492.18505859375, 283.0190124511719, 294.6889953613281
910.4349975585938, 1.6799999475479126, 2576.656982421875, 340.79901123046875, 283.2669982910156
952.0020141601562, 1.4450000524520874, 4200.93310546875, 314.8800048828125, 353.718994140625
1214.281982421875, 3.263000011444092, 2651.0791015625, 299.9949951171875, 294.37799072265625
905.614013671875, 1.649999976158142, 2590.14111328125, 288.3789978027344, 371.2909851074219
891.68798828125, 1.5110000371932983, 2756.553955078125, 304.3810119628906, 304.7049865722656
1404.7099609375, 2.818000078201294, 4860.9541015625, 368.052001953125, 272.3659973144531
894.1489868164062, 2.197999954223633, 2788.47509765625, 300.9429931640625, 297.7909851074219
992.27197265625, 1.5609999895095825, 2694.833984375, 290.05499267578125, 316.23199462890625
856.0919799804688, 1.5019999742507935, 3396.39599609375, 320.3110046386719, 724.031982421875
884.9340209960938, 2.299999952316284, 2800.6630859375, 300.0509948730469, 290.9169921875
910.5540161132812, 1.6990000009536743, 2819.931884765625, 319.5450134277344, 315.5929870605469
810.5170288085938, 1.3799999952316284, 3830.01708984375, 342.7619934082031, 731.2680053710938
1155.3690185546875, 20.12700080871582, 4882.17919921875, 327.1440124511719, 294.4519958496094
3513.137939453125, 2.1579999923706055, 2848.491943359375, 301.5069885253906, 287.7770080566406
879.8800048828125, 2.2990000247955322, 3326.285888671875, 439.7460021972656, 409.51800537109375
989.2760009765625, 1.99399995803833, 3446.9189453125, 300.2950134277344, 292.52398681640625
863.4669799804688, 1.75, 2684.032958984375, 304.80999755859375, 285.85699462890625
903.8870239257812, 1.4429999589920044, 2802.3701171875, 301.1000061035156, 557.8800048828125
1320.60205078125, 3.0390000343322754, 4241.5927734375, 358.53900146484375, 653.6630249023438
965.7830200195312, 2.138000011444092, 2657.7509765625, 328.62298583984375, 274.74700927734375
958.4940185546875, 1.531000018119812, 2630.716064453125, 306.0849914550781, 289.1310119628906
981.4979858398438, 2.7149999141693115, 3872.60009765625, 333.9150085449219, 296.6440124511719
936.3049926757812, 2.0940001010894775, 2685.47998046875, 302.572998046875, 292.2309875488281
935.2730102539062, 1.496999979019165, 3674.60009765625, 306.6300048828125, 295.84100341796875
817.7310180664062, 1.4110000133514404, 3119.138916015625, 369.2539978027344, 454.7300109863281
1017.2130126953125, 2.4560000896453857, 3139.867919921875, 289.4469909667969, 264.3110046386719
908.4190063476562, 1.690000057220459, 2675.39599609375, 288.0920104980469, 300.4670104980469
845.3909912109375, 1.909999966621399, 3625.2939453125, 305.8110046386719, 484.8280029296875
1641.885986328125, 2.63700008392334, 3102.73388671875, 303.7239990234375, 341.6759948730469
966.6199951171875, 2.1710000038146973, 2843.7080078125, 285.6570129394531, 284.6809997558594
872.1170043945312, 1.3880000114440918, 2668.35400390625, 307.74700927734375, 271.53900146484375
927.7009887695312, 1.3949999809265137, 4912.51416015625, 469.2590026855469, 361.4949951171875
954.6389770507812, 2.056999921798706, 2796.112060546875, 288.0429992675781, 294.0979919433594
892.5750122070312, 1.659000039100647, 2707.23193359375, 301.4469909667969, 1169.387939453125
852.073974609375, 1.5820000171661377, 2712.823974609375, 365.2439880371094, 1365.3289794921875
1474.262939453125, 2.9779999256134033, 2960.75, 267.677001953125, 322.8659973144531
886.7479858398438, 1.5779999494552612, 3794.875, 309.89300537109375, 316.3609924316406
858.2310180664062, 1.6979999542236328, 2499.257080078125, 307.7080078125, 439.3280029296875
1235.251953125, 2.0139999389648438, 3731.205078125, 306.7850036621094, 288.8789978027344
1770.175048828125, 2.1700000762939453, 2760.69091796875, 290.0299987792969, 301.10699462890625
891.0139770507812, 1.5529999732971191, 2661.193115234375, 284.45599365234375, 278.2130126953125
960.5780029296875, 1.4789999723434448, 5118.68212890625, 292.6700134277344, 307.27301025390625
880.1680297851562, 1.8619999885559082, 2505.93505859375, 274.0329895019531, 305.19500732421875
832.2960205078125, 1.4800000190734863, 3630.070068359375, 362.33599853515625, 313.45001220703125
937.9030151367188, 1.6009999513626099, 3053.409912109375, 640.9619750976562, 311.9739990234375
970.6890258789062, 3.6540000438690186, 3728.837890625, 265.03399658203125, 310.0870056152344
917.4940185546875, 2.246000051498413, 2814.778076171875, 318.9909973144531, 399.1369934082031
913.239013671875, 1.7669999599456787, 3636.33203125, 320.77899169921875, 667.510986328125
1119.071044921875, 2.1019999980926514, 3698.636962890625, 348.3160095214844, 284.7860107421875
944.9180297851562, 2.0739998817443848, 2608.595947265625, 304.7409973144531, 931.6749877929688
1811.407958984375, 1.7699999809265137, 2784.509033203125, 517.9019775390625, 287.1050109863281
1608.2110595703125, 2.1689999103546143, 4082.987060546875, 306.3240051269531, 305.9649963378906
994.8800048828125, 3.4159998893737793, 2986.757080078125, 313.33599853515625, 308.81500244140625
966.5579833984375, 2.190999984741211, 2976.83203125, 339.81500244140625, 296.34600830078125
1035.904052734375, 3.2160000801086426, 3917.202880859375, 374.5369873046875, 281.6449890136719
869.0800170898438, 1.9459999799728394, 2810.947998046875, 321.50299072265625, 315.6400146484375
2442.81298828125, 2.049999952316284, 2779.260009765625, 293.5090026855469, 286.36700439453125
997.927001953125, 1.6260000467300415, 4246.5888671875, 339.0660095214844, 372.885986328125
903.9810180664062, 2.302999973297119, 2699.94189453125, 305.3450012207031, 306.9779968261719
852.2479858398438, 1.531999945640564, 2668.179931640625, 284.8710021972656, 1313.8790283203125
887.9509887695312, 1.5089999437332153, 3291.845947265625, 358.5360107421875, 348.31201171875
948.0650024414062, 3.9110000133514404, 3127.906005859375, 283.3940124511719, 292.49200439453125
871.4409790039062, 1.8389999866485596, 2720.33203125, 274.6549987792969, 348.5679931640625
1709.073974609375, 1.6430000066757202, 2599.343994140625, 291.0849914550781, 284.70001220703125
833.9110107421875, 1.3140000104904175, 4150.171875, 356.60400390625, 333.78900146484375
877.7650146484375, 2.875, 2618.762939453125, 297.92999267578125, 283.6319885253906
1797.926025390625, 2.7009999752044678, 2627.5400390625, 316.3800048828125, 271.6789855957031
903.531982421875, 1.5049999952316284, 3160.194091796875, 359.6189880371094, 321.3590087890625
1059.5460205078125, 2.2960000038146973, 2835.4130859375, 1186.9169921875, 279.5660095214844
878.0570068359375, 2.062000036239624, 2587.279052734375, 295.13299560546875, 294.697998046875
869.2940063476562, 1.5199999809265137, 2621.23193359375, 338.0090026855469, 291.9110107421875
969.1480102539062, 1.7410000562667847, 4261.537109375, 294.1289978027344, 455.01300048828125
1758.2939453125, 2.183000087738037, 2829.458984375, 299.62298583984375, 340.6419982910156
877.0869750976562, 1.7480000257492065, 2851.551025390625, 296.9429931640625, 358.5790100097656
923.2650146484375, 3.5759999752044678, 5627.69287109375, 279.0570068359375, 319.84600830078125
910.0540161132812, 2.009999990463257, 2975.26708984375, 369.42401123046875, 281.97198486328125
913.781005859375, 1.4819999933242798, 4198.3779296875, 326.8909912109375, 265.0509948730469
946.0650024414062, 1.6610000133514404, 3321.9130859375, 394.1319885253906, 303.7229919433594
899.8469848632812, 2.1640000343322754, 2743.47998046875, 293.4129943847656, 289.1610107421875
2274.239013671875, 1.781999945640564, 2779.26904296875, 372.8009948730469, 285.30999755859375
874.0399780273438, 1.6069999933242798, 3240.180908203125, 367.4700012207031, 340.6619873046875
1188.1920166015625, 3.562999963760376, 4336.4541015625, 324.0929870605469, 314.7829895019531
923.56298828125, 2.005000114440918, 2795.4609375, 272.489990234375, 304.40899658203125
889.6300048828125, 1.4420000314712524, 2771.93603515625, 393.2279968261719, 311.2829895019531
1139.823974609375, 2.753999948501587, 4611.48291015625, 301.18701171875, 284.3290100097656
909.4739990234375, 2.2009999752044678, 3720.81689453125, 287.7690124511719, 294.5220031738281
882.8140258789062, 1.9290000200271606, 2665.033935546875, 291.63299560546875, 335.3330078125
1684.0899658203125, 2.322999954223633, 4203.2822265625, 336.9119873046875, 291.656005859375
936.9739990234375, 2.1510000228881836, 2681.5048828125, 285.4620056152344, 279.3659973144531
878.4609985351562, 1.4270000457763672, 2552.16796875, 339.6499938964844, 287.197998046875
854.85302734375, 1.3990000486373901, 4825.55712890625, 516.2020263671875, 355.5270080566406
939.2230224609375, 2.5299999713897705, 2782.412109375, 354.1940002441406, 316.8869934082031
1049.5849609375, 1.9950000047683716, 3073.669921875, 335.7489929199219, 272.07000732421875
986.89697265625, 1.6169999837875366, 3133.5458984375, 777.6849975585938, 302.10101318359375
1162.8499755859375, 3.183000087738037, 2974.114013671875, 305.9679870605469, 289.1109924316406
929.3579711914062, 2.065000057220459, 4180.39306640625, 332.468994140625, 267.4729919433594
838.9749755859375, 4.543000221252441, 2909.514892578125, 392.0539855957031, 370.6579895019531
1190.666015625, 2.2709999084472656, 3232.535888671875, 306.4620056152344, 319.9630126953125
895.0089721679688, 2.316999912261963, 2801.0400390625, 333.9809875488281, 311.1839904785156
862.1929931640625, 1.531999945640564, 2532.52587890625, 328.9309997558594, 275.33599853515625
884.3590087890625, 1.4789999723434448, 8943.314453125, 339.9469909667969, 350.8819885253906
950.3610229492188, 2.378999948501587, 4371.6591796875, 325.1830139160156, 387.6210021972656
926.9199829101562, 1.8630000352859497, 3850.422119140625, 529.3070068359375, 363.2070007324219
1073.56201171875, 3.809999942779541, 2853.572021484375, 354.67999267578125, 297.9280090332031
1331.9610595703125, 1.781000018119812, 2620.610107421875, 330.0799865722656, 302.7669982910156
918.0449829101562, 1.440000057220459, 2612.27587890625, 277.8370056152344, 307.4519958496094
1817.7850341796875, 2.4549999237060547, 3151.76708984375, 307.5580139160156, 1737.7650146484375
894.2769775390625, 2.13100004196167, 2601.368896484375, 298.65301513671875, 258.031005859375
904.9099731445312, 1.6059999465942383, 2575.72802734375, 320.2099914550781, 283.6319885253906
849.9099731445312, 1.5490000247955322, 3542.9609375, 317.04998779296875, 386.3380126953125
1012.8109741210938, 2.303999900817871, 3578.68408203125, 298.5400085449219, 283.27301025390625
885.0020141601562, 2.063999891281128, 2620.054931640625, 312.4440002441406, 307.14300537109375
940.739013671875, 1.409000039100647, 2979.56396484375, 316.2149963378906, 320.9519958496094
1131.2740478515625, 2.990000009536743, 3097.987060546875, 288.8160095214844, 299.239013671875
845.2570190429688, 4.245999813079834, 2734.1640625, 296.70599365234375, 291.1709899902344
864.3939819335938, 1.6710000038146973, 2715.490966796875, 274.7349853515625, 317.1730041503906
851.8519897460938, 1.4930000305175781, 5240.06884765625, 278.78900146484375, 350.3169860839844
949.0479736328125, 2.3529999256134033, 2717.822021484375, 265.4649963378906, 298.1400146484375
923.9140014648438, 1.5980000495910645, 2730.570068359375, 298.2510070800781, 295.7120056152344
926.1950073242188, 1.600000023841858, 2556.073974609375, 294.5060119628906, 315.77801513671875
1189.6070556640625, 2.4830000400543213, 3355.85791015625, 287.3160095214844, 294.0299987792969
906.051025390625, 2.1470000743865967, 2479.926025390625, 273.1789855957031, 311.64599609375
883.1749877929688, 2.4800000190734863, 3666.158935546875, 302.4540100097656, 314.5119934082031
921.5380249023438, 1.6059999465942383, 3646.02490234375, 436.0409851074219, 401.5400085449219
1217.593994140625, 2.4079999923706055, 2718.783935546875, 345.1969909667969, 322.87298583984375
943.6220092773438, 2.2130000591278076, 2717.882080078125, 280.239013671875, 295.99700927734375
879.7009887695312, 1.3509999513626099, 2732.0048828125, 279.85400390625, 273.2019958496094
1333.126953125, 4.9770002365112305, 3941.950927734375, 297.7569885253906, 344.5260009765625
917.9520263671875, 2.8570001125335693, 2819.740966796875, 302.78399658203125, 336.5719909667969
897.364990234375, 1.600000023841858, 4587.19189453125, 333.63800048828125, 283.8869934082031
1314.323974609375, 9.510000228881836, 3788.739990234375, 306.5899963378906, 331.72698974609375
882.2540283203125, 37.952999114990234, 5112.11376953125, 295.5610046386719, 368.822998046875
918.6719970703125, 1.9570000171661377, 5500.63720703125, 353.2330017089844, 347.6659851074219
1345.8199462890625, 33.983001708984375, 2888.06103515625, 346.8489990234375, 327.1919860839844
895.9749755859375, 1.2829999923706055, 2781.9609375, 446.5610046386719, 294.5710144042969
855.8179931640625, 1.2580000162124634, 2733.1669921875, 310.0899963378906, 314.6549987792969
5939.39404296875, 1.6269999742507935, 2745.91796875, 323.03900146484375, 321.74700927734375
898.9310302734375, 1.694000005722046, 2777.443115234375, 296.7720031738281, 275.28399658203125
949.8140258789062, 1.100000023841858, 2757.02197265625, 550.1829833984375, 515.6810302734375
1087.4000244140625, 3.2260000705718994, 3075.89599609375, 340.29901123046875, 291.4620056152344
897.7780151367188, 1.503999948501587, 2991.346923828125, 294.4590148925781, 313.3219909667969
1076.6429443359375, 1.125, 6407.51318359375, 486.5610046386719, 437.0530090332031
1119.1070556640625, 2.0880000591278076, 2737.967041015625, 310.7489929199219, 326.4639892578125
863.8989868164062, 1.1239999532699585, 2663.93798828125, 284.42401123046875, 290.5320129394531
878.6530151367188, 1.1549999713897705, 2612.416015625, 287.68798828125, 301.3760070800781
898.0609741210938, 1.0980000495910645, 4903.93115234375, 302.89801025390625, 306.3420104980469
874.9959716796875, 1.2960000038146973, 3009.989013671875, 297.52398681640625, 296.1390075683594
847.052001953125, 1.1890000104904175, 2675.550048828125, 343.5190124511719, 280.40899658203125
969.9080200195312, 1.1460000276565552, 6370.744140625, 338.52301025390625, 303.1570129394531
877.833984375, 1.5809999704360962, 2706.01904296875, 296.5780029296875, 286.375
862.051025390625, 1.0700000524520874, 2758.85107421875, 294.2430114746094, 302.0610046386719
987.6690063476562, 1.1469999551773071, 3291.998046875, 717.5250244140625, 338.0039978027344
1043.343994140625, 1.6480000019073486, 2867.15087890625, 298.2149963378906, 300.1629943847656
900.3099975585938, 1.3480000495910645, 3998.26708984375, 340.49798583984375, 299.4540100097656
867.8350219726562, 1.0980000495910645, 2713.843017578125, 300.0369873046875, 376.0459899902344
1308.4029541015625, 1.7730000019073486, 3398.56005859375, 288.3630065917969, 288.32000732421875
946.468994140625, 1.465999960899353, 3625.447021484375, 271.343994140625, 356.81298828125
911.6909790039062, 1.027999997138977, 2686.431884765625, 321.5270080566406, 281.9010009765625
901.7730102539062, 1.1139999628067017, 4485.90087890625, 418.5249938964844, 314.4119873046875
2541.2890625, 1.4630000591278076, 2819.126953125, 300.7250061035156, 290.42999267578125
869.0029907226562, 1.2799999713897705, 2732.31494140625, 311.6929931640625, 309.8500061035156
871.4829711914062, 1.1410000324249268, 5111.90283203125, 430.6390075683594, 368.5679931640625
872.8629760742188, 1.4600000381469727, 2580.528076171875, 302.0459899902344, 274.4540100097656
844.0289916992188, 1.1160000562667847, 2830.531982421875, 295.4859924316406, 301.7330017089844
894.7899780273438, 1.1260000467300415, 3028.092041015625, 356.0559997558594, 548.4000244140625
1109.135986328125, 3.322000026702881, 4105.26123046875, 343.6730041503906, 271.50799560546875
936.9940185546875, 1.402999997138977, 2851.375, 290.04901123046875, 317.947998046875
1365.77001953125, 1.3070000410079956, 2688.903076171875, 294.67999267578125, 308.114990234375
1509.031982421875, 1.3669999837875366, 4996.7890625, 325.6929931640625, 274.1470031738281
844.468994140625, 1.4240000247955322, 2656.02392578125, 276.843994140625, 306.7820129394531
890.8419799804688, 0.9570000171661377, 3198.673095703125, 340.8949890136719, 293.6700134277344
912.8419799804688, 3.4670000076293945, 4915.80712890625, 398.6390075683594, 284.6570129394531
926.64599609375, 1.4620000123977661, 2910.85009765625, 346.58599853515625, 267.8320007324219
1796.2259521484375, 1.628000020980835, 2631.050048828125, 313.1300048828125, 293.22100830078125
843.5850219726562, 1.2660000324249268, 4030.9140625, 671.75, 278.4580078125
989.5390014648438, 1.5160000324249268, 2689.0, 326.7460021972656, 277.6570129394531
877.7030029296875, 1.1770000457763672, 2768.297119140625, 265.9849853515625, 1662.989013671875
910.5250244140625, 1.0, 3027.573974609375, 385.4200134277344, 335.0840148925781
969.8419799804688, 2.2869999408721924, 2796.989013671875, 324.36700439453125, 310.3699951171875
934.2449951171875, 1.36899995803833, 2692.2509765625, 304.4230041503906, 297.0950012207031
1780.0699462890625, 1.1139999628067017, 2886.22509765625, 351.9219970703125, 291.6700134277344
1429.3060302734375, 1.8009999990463257, 3421.200927734375, 269.27899169921875, 339.1099853515625
825.6229858398438, 1.3589999675750732, 3709.7958984375, 357.4750061035156, 278.55999755859375
885.072021484375, 1.1180000305175781, 2732.131103515625, 377.2969970703125, 304.56201171875
962.4580078125, 1.0540000200271606, 4006.406005859375, 807.2589721679688, 339.0849914550781
898.2650146484375, 1.3949999809265137, 2729.10302734375, 299.35699462890625, 278.8940124511719
920.2730102539062, 1.121000051498413, 2737.987060546875, 294.12298583984375, 271.3429870605469
942.9580078125, 1.0420000553131104, 4144.76806640625, 304.3210144042969, 363.7080078125
970.4089965820312, 1.5360000133514404, 3053.131103515625, 317.5199890136719, 304.5849914550781
954.6890258789062, 1.3949999809265137, 2675.60595703125, 297.1860046386719, 280.2770080566406
877.97802734375, 1.0829999446868896, 2639.422119140625, 296.0880126953125, 273.30999755859375
904.9949951171875, 1.0269999504089355, 6872.5498046875, 274.1820068359375, 311.15399169921875
894.9089965820312, 1.3320000171661377, 2743.927001953125, 303.5899963378906, 285.5190124511719
962.7940063476562, 1.0089999437332153, 2665.4130859375, 281.0169982910156, 322.0570068359375
846.0679931640625, 1.003999948501587, 3871.7080078125, 436.8349914550781, 355.14599609375
915.322021484375, 1.406999945640564, 2790.571044921875, 292.20098876953125, 323.822998046875
910.7030029296875, 1.0789999961853027, 2861.173095703125, 288.72601318359375, 280.8590087890625
932.3389892578125, 1.0219999551773071, 4294.73681640625, 379.2909851074219, 329.5610046386719
866.656005859375, 1.8940000534057617, 2998.214111328125, 267.5199890136719, 323.7349853515625
938.0239868164062, 1.434000015258789, 2699.300048828125, 307.7900085449219, 315.41900634765625
878.9240112304688, 2.496000051498413, 2837.60107421875, 318.6789855957031, 295.02099609375
853.27001953125, 4.172999858856201, 3164.910888671875, 290.5580139160156, 403.1130065917969
926.822998046875, 1.343999981880188, 2719.445068359375, 1656.6910400390625, 286.1319885253906
887.448974609375, 1.2489999532699585, 2666.905029296875, 299.3080139160156, 352.906005859375
880.8800048828125, 1.3049999475479126, 2828.697021484375, 682.280029296875, 568.7760009765625
1054.633056640625, 2.2360000610351562, 3056.487060546875, 303.0199890136719, 308.1499938964844
872.156982421875, 1.649999976158142, 3574.843017578125, 310.010009765625, 302.80999755859375
824.5960083007812, 1.121999979019165, 2769.820068359375, 300.5610046386719, 302.1159973144531
934.6099853515625, 1.027999997138977, 3792.89599609375, 382.3819885253906, 287.3240051269531
928.3489990234375, 1.3650000095367432, 2664.06689453125, 284.6130065917969, 294.9880065917969
989.9439697265625, 1.312000036239624, 3029.592041015625, 337.1109924316406, 331.3890075683594
948.2620239257812, 4.6620001792907715, 5442.19384765625, 345.2080078125, 330.197998046875
961.1090087890625, 1.3509999513626099, 2676.905029296875, 293.6839904785156, 316.3900146484375
909.3049926757812, 1.468999981880188, 2713.675048828125, 300.4049987792969, 280.73199462890625
900.1740112304688, 0.9290000200271606, 2779.27001953125, 296.85699462890625, 316.49200439453125
1173.425048828125, 1.4019999504089355, 3511.035888671875, 286.6610107421875, 282.6910095214844
1823.5830078125, 1.4320000410079956, 2641.882080078125, 271.95001220703125, 299.1910095214844
833.0640258789062, 1.0460000038146973, 2613.993896484375, 300.7950134277344, 362.7550048828125
909.97998046875, 1.184999942779541, 3397.908935546875, 319.5710144042969, 326.6000061035156
1173.52294921875, 2.244999885559082, 2822.10205078125, 271.91400146484375, 273.9010009765625
1440.321044921875, 1.1260000467300415, 2696.2958984375, 319.1449890136719, 297.2690124511719
876.8170166015625, 1.0679999589920044, 2595.951904296875, 314.9460144042969, 294.1549987792969
906.6500244140625, 1.88100004196167, 5290.0048828125, 387.5639953613281, 283.57598876953125
942.4829711914062, 1.399999976158142, 2982.824951171875, 285.0409851074219, 307.49200439453125
898.0910034179688, 1.1699999570846558, 2662.19189453125, 341.8089904785156, 293.45001220703125
827.4140014648438, 1.100000023841858, 5405.3701171875, 297.8269958496094, 316.8919982910156
917.7689819335938, 1.4259999990463257, 2656.928955078125, 325.20599365234375, 280.4989929199219
848.0670166015625, 1.0670000314712524, 2591.94091796875, 257.92401123046875, 299.3900146484375
995.1409912109375, 3.7279999256134033, 3862.87890625, 370.1300048828125, 297.7950134277344
1115.551025390625, 1.472000002861023, 3007.72705078125, 321.8919982910156, 302.2430114746094
873.6519775390625, 2.7019999027252197, 2591.56396484375, 1157.2130126953125, 293.69000244140625
976.6890258789062, 1.1859999895095825, 2640.485107421875, 493.3869934082031, 304.760986328125
1763.4530029296875, 1.600000023841858, 3343.446044921875, 297.4639892578125, 303.99700927734375
859.7789916992188, 1.6610000133514404, 2804.694091796875, 309.2619934082031, 340.0950012207031
878.35498046875, 1.1160000562667847, 2729.95703125, 315.79998779296875, 300.6789855957031
884.0189819335938, 1.0169999599456787, 4985.31787109375, 373.5920104980469, 274.6050109863281
904.3400268554688, 1.7879999876022339, 2624.06591796875, 334.0610046386719, 332.9150085449219
917.8989868164062, 1.2489999532699585, 2741.14697265625, 314.4339904785156, 302.10101318359375
932.3090209960938, 1.0740000009536743, 2867.718994140625, 1030.2320556640625, 364.177001953125
2332.007080078125, 2.9110000133514404, 2762.6298828125, 288.0260009765625, 280.0690002441406
887.35400390625, 1.1299999952316284, 2656.39501953125, 326.2980041503906, 305.1199951171875
1090.175048828125, 1.1959999799728394, 2568.055908203125, 303.92401123046875, 276.0379943847656
1213.3699951171875, 1.1959999799728394, 7424.87890625, 294.677001953125, 258.8919982910156
2073.8720703125, 1.531999945640564, 3293.458984375, 341.6090087890625, 279.3389892578125
927.051025390625, 1.312999963760376, 4663.56982421875, 463.3890075683594, 364.94500732421875
4314.39404296875, 1.7999999523162842, 3170.41796875, 269.0669860839844, 280.1000061035156
999.760986328125, 1.437999963760376, 3366.912109375, 298.2080078125, 295.1239929199219
6143.32177734375, 1.5720000267028809, 5189.31982421875, 331.5010070800781, 334.0679931640625
881.030029296875, 1.8550000190734863, 2986.152099609375, 311.6080017089844, 497.8489990234375
1183.77294921875, 2.3980000019073486, 3502.303955078125, 287.1300048828125, 321.26800537109375
996.0180053710938, 1.6410000324249268, 7695.5751953125, 567.39697265625, 305.06500244140625
1186.2459716796875, 1.9279999732971191, 5658.55712890625, 321.1310119628906, 334.0039978027344
3936.180908203125, 2.4170000553131104, 3154.864013671875, 324.6579895019531, 376.12200927734375
1064.0, 1.4079999923706055, 3744.01708984375, 314.12200927734375, 423.9429931640625
1169.6280517578125, 1.524999976158142, 6596.248046875, 416.09698486328125, 296.8380126953125
923.2080078125, 1.5180000066757202, 2745.98095703125, 273.8039855957031, 323.364990234375
1095.927001953125, 4.198999881744385, 5602.93212890625, 610.6669921875, 381.27801513671875
927.2459716796875, 1.406999945640564, 4247.55908203125, 339.9909973144531, 315.75299072265625
4695.623046875, 1.6460000276565552, 7215.90283203125, 286.4750061035156, 324.8909912109375
983.3090209960938, 1.50600004196167, 6126.85205078125, 484.40899658203125, 306.3380126953125
2413.9189453125, 2.1050000190734863, 4056.701904296875, 272.3330078125, 382.3190002441406
1036.0389404296875, 1.600000023841858, 5114.8232421875, 4931.22607421875, 3166.3330078125
4045.3740234375, 2.0929999351501465, 4426.98291015625, 290.9320068359375, 302.90399169921875
904.698974609375, 1.375, 3565.2890625, 421.9909973144531, 391.7049865722656
1665.47900390625, 2.500999927520752, 3114.577880859375, 294.9460144042969, 303.8240051269531
922.5560302734375, 1.3580000400543213, 2851.672119140625, 300.2149963378906, 317.1419982910156
915.5280151367188, 1.3849999904632568, 3086.39501953125, 311.21600341796875, 629.5020141601562
3884.412109375, 1.5570000410079956, 2716.889892578125, 358.8599853515625, 294.84100341796875
984.0650024414062, 1.0169999599456787, 2872.376953125, 348.1239929199219, 282.4599914550781
961.8189697265625, 1.0470000505447388, 2954.51611328125, 330.7200012207031, 515.2869873046875
1073.029052734375, 1.465999960899353, 3224.343017578125, 278.8340148925781, 1179.7099609375
1019.9749755859375, 1.3229999542236328, 2875.64306640625, 318.6130065917969, 316.4280090332031
890.7230224609375, 1.253000020980835, 2839.81298828125, 320.343994140625, 337.5220031738281
1092.5150146484375, 1.6540000438690186, 6043.7548828125, 310.843994140625, 287.6910095214844
972.7750244140625, 1.468999981880188, 2692.044921875, 280.9169921875, 309.0369873046875
951.8699951171875, 1.090000033378601, 2783.77001953125, 322.5920104980469, 284.71099853515625
3424.1201171875, 2.674999952316284, 3373.40087890625, 294.37200927734375, 281.54998779296875
884.0679931640625, 1.4789999723434448, 2860.81591796875, 308.37200927734375, 307.489013671875
873.197998046875, 1.2230000495910645, 3532.5419921875, 287.906005859375, 361.9679870605469
1192.06005859375, 1.6759999990463257, 3740.555908203125, 304.5469970703125, 263.70098876953125
844.1259765625, 1.3250000476837158, 2887.43310546875, 311.9580078125, 296.4570007324219
872.6160278320312, 1.1150000095367432, 3632.830078125, 395.3869934082031, 308.5419921875
1696.5240478515625, 2.9019999504089355, 4078.701904296875, 466.4129943847656, 498.6579895019531
1041.677001953125, 1.621999979019165, 3067.695068359375, 324.48199462890625, 348.5690002441406
1042.8179931640625, 1.430999994277954, 3255.465087890625, 306.0409851074219, 303.4049987792969
1021.4180297851562, 1.2610000371932983, 5133.89013671875, 466.5679931640625, 370.02801513671875
1111.60302734375, 1.4919999837875366, 3088.406005859375, 1551.8809814453125, 317.114990234375
978.552001953125, 1.465999960899353, 3111.097900390625, 386.67498779296875, 344.7829895019531
1103.10205078125, 1.621000051498413, 4558.7900390625, 345.8210144042969, 340.47198486328125
1145.9439697265625, 1.6269999742507935, 3108.944091796875, 368.0270080566406, 332.1579895019531
966.3090209960938, 1.1480000019073486, 5360.4091796875, 437.6549987792969, 537.072998046875
2568.97412109375, 3.13700008392334, 3833.968017578125, 373.3999938964844, 372.7170104980469
1066.238037109375, 1.6089999675750732, 3287.0810546875, 350.3599853515625, 355.92401123046875
1059.47705078125, 1.4539999961853027, 4580.47021484375, 964.7990112304688, 425.9530029296875
1167.3260498046875, 1.746999979019165, 4296.5439453125, 403.9750061035156, 380.0039978027344
1038.1719970703125, 1.975000023841858, 3105.10302734375, 338.91900634765625, 351.57598876953125
1126.844970703125, 1.1790000200271606, 5045.6669921875, 366.72601318359375, 433.1510009765625
1238.2760009765625, 1.4989999532699585, 4971.9970703125, 325.0350036621094, 351.1629943847656
1115.405029296875, 1.5440000295639038, 3325.074951171875, 391.5929870605469, 909.448974609375
3233.05908203125, 2.3529999256134033, 3184.462890625, 290.08599853515625, 354.614013671875
1019.06201171875, 1.3849999904632568, 3096.302978515625, 337.364013671875, 350.9800109863281
1011.197021484375, 1.253999948501587, 3414.29296875, 408.4729919433594, 365.6440124511719
3295.325927734375, 3.6050000190734863, 2977.263916015625, 365.9580078125, 466.3869934082031
966.47802734375, 1.5010000467300415, 3057.964111328125, 359.2869873046875, 413.8840026855469
1007.9619750976562, 1.6740000247955322, 5841.162109375, 370.4679870605469, 342.697998046875
939.781005859375, 8.35099983215332, 2974.033935546875, 285.6000061035156, 667.9630126953125
857.281982421875, 1.4149999618530273, 2804.537109375, 330.97100830078125, 306.0679931640625
867.0020141601562, 1.1349999904632568, 2990.281982421875, 720.1409912109375, 404.2510070800781
964.7249755859375, 1.6339999437332153, 2999.027099609375, 268.6969909667969, 292.1809997558594
1318.468994140625, 1.2769999504089355, 2735.48388671875, 307.9419860839844, 306.13299560546875
869.8770141601562, 1.1039999723434448, 2685.06298828125, 305.75299072265625, 279.9590148925781
2069.12109375, 2.243000030517578, 6057.0087890625, 372.6419982910156, 320.65899658203125
1938.64697265625, 1.9210000038146973, 2596.89111328125, 292.7640075683594, 295.2760009765625
787.2760009765625, 1.1169999837875366, 2925.676025390625, 679.2849731445312, 1181.364013671875
1870.68701171875, 2.578000068664551, 3216.075927734375, 1311.572021484375, 370.76800537109375
911.718994140625, 1.406000018119812, 2694.197021484375, 355.5190124511719, 300.8269958496094
834.7930297851562, 1.284000039100647, 2714.06689453125, 338.8609924316406, 584.9169921875
1345.8310546875, 2.3580000400543213, 4469.0732421875, 292.5299987792969, 292.8290100097656
881.0800170898438, 1.3530000448226929, 2734.06201171875, 331.63299560546875, 272.3009948730469
1074.5169677734375, 1.0449999570846558, 2602.0419921875, 294.9020080566406, 284.66900634765625
982.4869995117188, 2.197000026702881, 4136.419921875, 315.9570007324219, 291.0299987792969
848.968017578125, 1.3969999551773071, 4764.1328125, 309.8030090332031, 303.5820007324219
883.8779907226562, 2.118000030517578, 2708.181884765625, 287.7130126953125, 337.8900146484375
891.0880126953125, 1.0839999914169312, 3751.52587890625, 471.63800048828125, 286.5610046386719
1295.634033203125, 1.621000051498413, 3729.032958984375, 439.5799865722656, 266.1390075683594
839.5349731445312, 1.3910000324249268, 2654.001953125, 296.8869934082031, 287.8429870605469
817.2239990234375, 1.2699999809265137, 5810.43994140625, 341.5190124511719, 313.1470031738281
